author_id,author_name,work_id,page_title,creation_date,raw_character_count,original_cleaned_character_count,cleaned_character_count,han_character_count,removed_character_count,metadata_removed_character_count,metadata_removed_block_count,paragraph_count,sentence_count,segmented_token_count,short_interaction_count,multi_interaction_count,full_pinyin_success_count,initial_pinyin_success_count,alignment_failure_count,original_script_distribution,script_distribution,opencc_changed_character_count,boundary_sequence_count,punctuation_boundary_count,latin_or_digit_boundary_count,whitespace_boundary_count,other_symbol_boundary_count,original_cleaned_sha256,simplified_cleaned_sha256
da-author-mscarlet-78b5e8fb,MScarlet,da-work-21694963,如何做出好吃的年糕，還有吃年糕之後有什麼效果,2014-03-10,1624,1625,1625,1408,0,0,0,1,50,869,868,720,1588,1588,0,traditional,simplified,412,148,145,7,20,0,c761a2114f291ba0bdd5db6231897802823b46a0c133b7eff1a3d9df6723ce1f,51c710cb3c6ced88d4017106515edb1ba25fbb503d2b29a2d8d9e0fc5bce67bb
da-author-mscarlet-78b5e8fb,MScarlet,da-work-22434446,2014年的新春之時,2014-05-30,4937,4938,4938,3546,0,0,0,9,181,2217,2216,1709,3925,3925,0,mixed,simplified,979,508,470,108,97,6,8963b701e45ad3f939397283616fb8d08fccc12a9dcedfbe67aa2c461c97e442,70135df5d0c80cef863aabe5d8cdff8b26acd3d2a30a833c6b8b46905580b038
da-author-mscarlet-78b5e8fb,MScarlet,da-work-23504963,讚美鸚鵡螺！,2014-08-31,2920,2921,2921,2165,0,0,0,5,72,1292,1291,1054,2345,2345,0,traditional,simplified,610,238,224,46,52,1,00518a8396258df5eeb4bfe78d5906f99791a2524804f47e093e4bfe44585329,4c892247c9a2b88af955a0378664fe8d12b287d672c7b3d2c94af4ab113aaa2c
da-author-mscarlet-78b5e8fb,MScarlet,da-work-23505019,剎那之旅,2014-08-31,5953,5954,5954,4654,0,0,0,9,148,2828,2827,2310,5137,5137,0,traditional,simplified,1246,517,454,113,108,0,a1754d6d57792148eb07db6a9d34f3b7fb5f76efc2ff57f4eb5d6237f9c8e1fe,57cdfad38801e08dbd7015a2df2992c43599c7d8b98707c20ad65fe740b40e27
da-author-mscarlet-78b5e8fb,MScarlet,da-work-26453694,英雄記：「幸運的」凡琴,2015-07-13,5721,5720,5720,4847,1,0,0,7,147,2929,2928,2429,5357,5357,0,traditional,simplified,1256,501,475,37,85,0,40af35f243376894036c264a7dd753fe917690c00aa0bac29753cd6be207e769,7797cfc0640070c002a2a723647d84f42f8d9337cbc113521ca2d803b7ee7eb4
da-author-mscarlet-78b5e8fb,MScarlet,da-work-27418987,真正的遺產,2015-09-07,10780,10781,10781,8025,0,0,0,12,317,4899,4898,3948,8846,8846,0,mixed,simplified,2316,952,865,213,174,0,91be5d11a47792dc4a724b171304241af792781a0d964c82e884a49e4c88f7c2,c428ad8fd70c899012cd484e411b82c6a4042b9b7485b0b711de31e4fe7d6453
da-author-mscarlet-78b5e8fb,MScarlet,da-work-43951662,醜響,2016-05-15,2538,2537,2537,2110,1,0,0,7,76,1309,1308,1079,2387,2387,0,traditional,simplified,578,229,220,11,69,0,b6ade775d83be014b5002525d88588fb36911e32a25d12708119cc1f341edf01,f97014731cb886098b84f352fa6c7bfda78299273e8fdcc3a67af87899838864
da-author-mscarlet-78b5e8fb,MScarlet,da-work-44056026,斯卡麗的完美玩梗教室,2016-05-23,4058,4057,4057,3295,1,0,0,9,98,2020,2019,1664,3683,3683,0,mixed,simplified,775,356,324,62,62,1,8eec25dd2b9c31c906d442df0d00c715db264fa69c63b7c0b40f6edce7056b7a,e6bdbeedf70c0c17f9ce729566629380394ba426464c6cd3d7d1bd8e884b5767
da-author-mscarlet-78b5e8fb,MScarlet,da-work-44199244,碎命眼鏡,2016-06-04,4494,4136,4136,3029,358,351,1,16,70,1745,1744,1408,3152,3152,0,mixed,simplified,1055,337,278,115,86,1,c7f7ae9142633d3e23f6d6fcecb01c83f6ba2d45a3ada914c49e033cb4d13d6c,3eb3d65218e0d0a94423bb48bc99c78087f5608f200445e37c5d6650f893b86a
da-author-mscarlet-78b5e8fb,MScarlet,da-work-44881272,湖中劍協議,2016-08-04,2387,2383,2383,1609,4,0,0,6,46,952,951,775,1726,1726,0,traditional,simplified,602,176,162,71,27,10,22e03fe0d227357a881d7fef0b62188374462282f23561c3760b7132aca615dc,c4d32568bc2230b5ac4b6a52350cffa713789c60ee28752759cd18c009781066
da-author-mscarlet-78b5e8fb,MScarlet,da-work-45055458,消逝的書中重生的數碼音樂奇幻,2016-08-17,4539,4538,4538,2836,1,0,0,6,77,1636,1635,1307,2942,2942,0,traditional,simplified,952,329,301,160,47,12,759fd37fcfaca5669131fb67e62d56ec4558b637f5f0c3a9c9d6fe7b44f44ecd,fac6a1298c232d4feabfc8ad1c0e1be750f765f4923f0402b4becb368872b044
da-author-mscarlet-78b5e8fb,MScarlet,da-work-47000857,孩子氣的戰爭,2017-01-22,2793,2788,2788,2164,5,0,0,15,109,1303,1302,1024,2326,2326,0,traditional,simplified,642,278,261,39,65,13,feccb7b41d0723fdc0728b171672542cd82ced84ccb87bbd10c9d4c8b4fbf4cd,f2a2f69a22cc0f3567c40f0cdffd797ad7bcdd3a7c76b41c776ad1d442780876
da-author-mscarlet-78b5e8fb,MScarlet,da-work-47235212,說個故事吧,2017-02-03,7720,7721,7721,6769,0,0,0,6,223,4199,4198,3533,7731,7731,0,traditional,simplified,1920,665,646,29,87,0,8c48dbf6377c1e0f9891a68702c9c32465b2045985d0a0693a258d2d6081799c,05e56b337d22b42313f7419c455bb0351e97e79aee0c75b18c5f39b13d73cc9b
da-author-mscarlet-78b5e8fb,MScarlet,da-work-47380043,告別樂土,2017-02-11,900,898,898,764,2,0,0,3,31,464,463,375,838,838,0,traditional,simplified,227,88,87,1,15,0,aa8defa7a55adaa5cac4080fd3a08b8b39a4892042152bfce5adcdac80bbe25e,559cc1db48aa454e94c1815fc18f7971a42e81a73aa48cbd4f3874956f899f2b
da-author-mscarlet-78b5e8fb,MScarlet,da-work-48595485,《展翅高飛》,2017-04-11,4180,4162,4162,3213,18,0,0,18,95,1889,1888,1567,3455,3455,0,mixed,simplified,1079,322,294,73,82,0,9f89346a35f11395f5a4c31c8ad4f33c2a8e2a5493482933c7c4a58977c6636f,5668817da77ac93e487fa17b6b905e799ef56ba2b853bbb4bfdef26a8842b22e
da-author-mscarlet-78b5e8fb,MScarlet,da-work-49032590,翻譯不只是塊蛋糕,2017-04-23,3895,3893,3893,2780,2,0,0,23,90,1666,1665,1349,3014,3014,0,mixed,simplified,752,317,290,43,84,2,368a15cb81310a42fcc7042ff1fd23310523e872e1a3ecce33e21e3010292aa7,201fc21813c8df068a1987de9a834156bc678e5de533bb51d9570828c8c7b434
da-author-agent-phage-bc08199e,Agent Phage,da-work-52130700,禁止访问,2017-07-16,9643,6451,6451,4222,3192,3176,1,20,118,2326,2325,1814,4139,4139,0,mixed,simplified,6,512,459,206,80,26,46f9cbabfa46441364ba9b203004558bd930103d2b718fc2e8eb1cbda31915cd,d033cb622ef14bc184102f1a6927ec3d20072b265d5bb48ea9a97a9fa6afa589
da-author-agent-phage-bc08199e,Agent Phage,da-work-52720697,在你读到这里时，我已经达到我的目标了,2017-08-04,3940,3752,3752,3158,188,186,1,28,142,1890,1889,1515,3404,3404,0,simplified,simplified,0,374,358,29,80,7,c751f2ebd647b2348f59b2cb0c14e7c415fcb0fc6a51490296f01e2f9b12d38c,c751f2ebd647b2348f59b2cb0c14e7c415fcb0fc6a51490296f01e2f9b12d38c
da-author-qblevi-494cde49,QBLevi,da-work-52911297,在你读到这里时，我已经退场了,2017-08-08,519,520,520,442,0,0,0,3,30,264,263,210,473,473,0,simplified,simplified,0,53,53,0,19,0,ecffa7a1579c6de907eeaf337e64f3b8bca036d503c4ec640070636d342b1169,ecffa7a1579c6de907eeaf337e64f3b8bca036d503c4ec640070636d342b1169
da-author-agent-phage-bc08199e,Agent Phage,da-work-53039189,人民管理制度,2017-08-11,2669,2608,2608,1714,61,61,1,6,60,987,986,799,1785,1785,0,simplified,simplified,0,188,168,81,20,5,71e4823bf45cbc17737613936404b04d0a1227936add969a346f511cba6304ee,71e4823bf45cbc17737613936404b04d0a1227936add969a346f511cba6304ee
da-author-agent-phage-bc08199e,Agent Phage,da-work-53132605,召回,2017-08-13,1301,1113,1113,944,188,186,1,3,48,583,582,464,1046,1046,0,simplified,simplified,0,119,119,1,21,0,ce2c84eaf1fa5164fbb2d81a7ad4227f7edeeca40be76336387c37855951bd6d,ce2c84eaf1fa5164fbb2d81a7ad4227f7edeeca40be76336387c37855951bd6d
da-author-agent-phage-bc08199e,Agent Phage,da-work-53171803,唯一,2017-08-14,1852,1667,1667,1397,185,186,1,1,55,835,834,690,1524,1524,0,simplified,simplified,0,144,140,10,17,1,201ad9044a196e624844c4f956a041e38a7a0393bae97c87e3406bd77358d6a5,201ad9044a196e624844c4f956a041e38a7a0393bae97c87e3406bd77358d6a5
da-author-agent-phage-bc08199e,Agent Phage,da-work-53239187,未铭记，何谈淡忘,2017-08-15,2220,2026,2026,1647,194,187,1,7,97,1018,1017,810,1827,1827,0,simplified,simplified,0,209,186,19,53,0,97ddc6d6fede4143a36ee41914561d71187b16278268ac6b4c751ed3ede316fa,97ddc6d6fede4143a36ee41914561d71187b16278268ac6b4c751ed3ede316fa
da-author-qblevi-494cde49,QBLevi,da-work-53608900,编年史正本,2017-08-23,2555,2550,2550,1818,5,0,0,11,79,1029,1028,772,1800,1800,0,simplified,simplified,0,257,218,81,62,14,6da32eb6e1a9afde5c27c084e54e482132ef3cb2b711060d772fe1ea90d86170,6da32eb6e1a9afde5c27c084e54e482132ef3cb2b711060d772fe1ea90d86170
da-author-qblevi-494cde49,QBLevi,da-work-53806893,天籁,2017-08-27,996,997,997,742,0,0,0,5,29,415,414,327,741,741,0,simplified,simplified,0,88,85,14,23,3,fa195f6e18820c2f5d61828292469962c8d2589e8981e56952f31fbc1ec97409,fa195f6e18820c2f5d61828292469962c8d2589e8981e56952f31fbc1ec97409
da-author-qblevi-494cde49,QBLevi,da-work-53908309,双雄会,2017-08-30,658,659,659,460,0,0,0,1,37,283,282,210,492,492,0,simplified,simplified,0,74,71,8,31,2,8eff87bad3d2f06226c5302db5908f0f4641b48700cac4202edde9f050448898,8eff87bad3d2f06226c5302db5908f0f4641b48700cac4202edde9f050448898
da-author-qblevi-494cde49,QBLevi,da-work-54073089,人类，已收容,2017-09-05,774,775,775,630,0,0,0,1,40,375,374,289,663,663,0,simplified,simplified,0,86,78,3,23,1,f7ddf31cdd20d42e791bf078b6996f0e8755a937088c2f1663dbc7766f3d70c8,f7ddf31cdd20d42e791bf078b6996f0e8755a937088c2f1663dbc7766f3d70c8
da-author-qblevi-494cde49,QBLevi,da-work-54321791,种太阳,2017-09-12,1677,1668,1668,1301,9,0,0,8,45,719,718,548,1266,1266,0,simplified,simplified,0,171,150,45,29,3,6b71f2389dc962b67a14d1c4fd11d846729058f323bdd09ab1ff3865b1b4cc0f,6b71f2389dc962b67a14d1c4fd11d846729058f323bdd09ab1ff3865b1b4cc0f
da-author-qblevi-494cde49,QBLevi,da-work-54366269,三倍的喵喵喵,2017-09-13,797,796,796,579,1,0,0,4,18,326,325,262,587,587,0,simplified,simplified,0,64,63,16,13,1,efa03282c655e554cbed3eccebbcfc8891a44f0b62ce65cdf87ddc926f388e8e,efa03282c655e554cbed3eccebbcfc8891a44f0b62ce65cdf87ddc926f388e8e
da-author-qblevi-494cde49,QBLevi,da-work-54403335,4K序曲：梦魇摄政红行动,2017-09-14,1241,1242,1242,1000,0,0,0,5,50,587,586,474,1060,1060,0,simplified,simplified,0,112,105,11,33,1,2c0e7f87377cc9d9cbaa4ab26e53b4cca1bf3ff93a5dcd12142762b5ec91668a,2c0e7f87377cc9d9cbaa4ab26e53b4cca1bf3ff93a5dcd12142762b5ec91668a
da-author-qblevi-494cde49,QBLevi,da-work-54524464,骑虎难下,2017-09-18,1785,1773,1773,1425,12,0,0,14,56,804,803,652,1455,1455,0,simplified,simplified,0,152,141,22,43,0,72271bf1f05df0922b49b29c4866c54c7c6d135cc7bd54d83c147d7431c948e3,72271bf1f05df0922b49b29c4866c54c7c6d135cc7bd54d83c147d7431c948e3
da-author-qblevi-494cde49,QBLevi,da-work-54597850,4K序曲：从今往后，直到永远,2017-09-20,902,873,873,718,29,0,0,1,34,418,417,345,762,762,0,simplified,simplified,0,72,65,8,29,0,4a87761f9f6964286881fe83db0e9a6388afd871db1031a66cd68b0c65f2d7c9,4a87761f9f6964286881fe83db0e9a6388afd871db1031a66cd68b0c65f2d7c9
da-author-agent-phage-bc08199e,Agent Phage,da-work-55905675,摧毁糖果屋,2017-10-22,4552,4176,4176,3139,376,373,1,14,179,1949,1948,1491,3439,3439,0,simplified,simplified,0,458,422,85,79,2,fc97971e7531b905a27799de520993cc66663fc859e1ede0ee0009d77a03f8cc,fc97971e7531b905a27799de520993cc66663fc859e1ede0ee0009d77a03f8cc
da-author-qblevi-494cde49,QBLevi,da-work-56213413,天下大吉,2017-10-30,1491,1492,1492,1189,0,0,0,5,70,690,689,497,1186,1186,0,simplified,simplified,1,192,190,0,34,0,568f0cdd83732038350f7dc47f0956f655e633a435fc3091ec7a08dfcf0e8885,76b0b4d9c78c9566f30dafd5210090e1bddffe757affde6baf8df647f1c4dd9a
da-author-qblevi-494cde49,QBLevi,da-work-56675203,无照经营专项整治行动,2017-11-10,1485,1485,1485,1119,0,0,0,5,74,649,648,499,1147,1147,0,simplified,simplified,0,150,137,31,46,3,a16f658b175663ede4dd71c4457701791a0ca0cb329c986bdef822d9384e932f,a16f658b175663ede4dd71c4457701791a0ca0cb329c986bdef822d9384e932f
da-author-qblevi-494cde49,QBLevi,da-work-56889366,主教之死,2017-11-17,1433,1431,1431,990,2,0,0,8,64,603,602,473,1075,1075,0,simplified,simplified,0,129,126,19,41,3,0ff2ec8bdab150f9c548bc90654e7c3ce6af8e544398a1840573bebacab2048e,0ff2ec8bdab150f9c548bc90654e7c3ce6af8e544398a1840573bebacab2048e
da-author-qblevi-494cde49,QBLevi,da-work-57115674,咕咚来了,2017-11-24,1705,1706,1706,1372,0,0,0,2,73,777,776,604,1380,1380,0,simplified,simplified,0,172,154,22,38,1,a683f0601f40933f7c794dedb8fa06d227f1e1f53dceee3327521d3a887fed55,a683f0601f40933f7c794dedb8fa06d227f1e1f53dceee3327521d3a887fed55
da-author-qblevi-494cde49,QBLevi,da-work-57678755,人类，收容失效,2017-12-12,2066,2067,2067,1720,0,0,0,2,99,991,990,788,1778,1778,0,simplified,simplified,0,203,194,14,38,0,b70257a46466ead5c92896110debe145559882dd005bd7171e490e1794a7354e,b70257a46466ead5c92896110debe145559882dd005bd7171e490e1794a7354e
da-author-qblevi-494cde49,QBLevi,da-work-58196932,大鲧陵,2017-12-25,3684,3668,3668,2788,16,0,0,20,107,1538,1537,1183,2720,2720,0,simplified,simplified,0,354,307,72,76,17,66688cf204092ef23e2041cdf233e5ff9fa2a81167c794a9637015a5f6608988,66688cf204092ef23e2041cdf233e5ff9fa2a81167c794a9637015a5f6608988
da-author-qblevi-494cde49,QBLevi,da-work-59516832,流浪地球,2018-01-01,1624,1624,1624,1309,0,0,0,9,63,785,784,621,1405,1405,0,simplified,simplified,0,163,140,10,66,1,f18af2451e51d6ec2b5b2e986ff12311f574bb339a1c889ab3c993094576851d,f18af2451e51d6ec2b5b2e986ff12311f574bb339a1c889ab3c993094576851d
da-author-qblevi-494cde49,QBLevi,da-work-64454665,资本论,2018-01-27,2147,2148,2148,1721,0,0,0,1,83,991,990,791,1781,1781,0,simplified,simplified,0,201,180,42,42,1,66c1143714a933b03f9e3876a0f76ecfcc466e92185f78f16ef2f9f210de21af,66c1143714a933b03f9e3876a0f76ecfcc466e92185f78f16ef2f9f210de21af
da-author-breaddddd-d9923f3d,breaddddd,da-work-65174448,过度包装,2018-02-09,3338,3325,3325,2152,13,0,0,22,75,1255,1254,950,2204,2204,0,simplified,simplified,0,305,256,98,51,16,50e4e3a71c94cd486474f5bc7f87298a5f5d800a443224a73c0b54d61b0397b5,50e4e3a71c94cd486474f5bc7f87298a5f5d800a443224a73c0b54d61b0397b5
da-author-mscarlet-78b5e8fb,MScarlet,da-work-65207530,隨筆：關於Site-██對於SCP-008的研究與「復生計劃」,2018-02-10,5495,5462,5462,4112,33,0,0,17,114,2503,2502,2033,4535,4535,0,traditional,simplified,1133,470,396,133,106,2,ff190db8f90f402fb4a35330070085f6e723b1a4f6e6ae6fb63ab338995ae76d,e7452e116d1de8bbb9606585b9bc2ef3f9b56c6134b599de437b81577785127d
da-author-agent-phage-bc08199e,Agent Phage,da-work-65220238,地球美食售货机,2018-02-10,1666,1606,1606,976,60,61,1,6,38,550,549,415,964,964,0,simplified,simplified,0,135,128,54,19,1,f08bffe29682cddb4c03cac56ab85dfdc99f7c30a6d538301e9268b01b65e45c,f08bffe29682cddb4c03cac56ab85dfdc99f7c30a6d538301e9268b01b65e45c
da-author-qblevi-494cde49,QBLevi,da-work-65317650,好评,2018-02-13,1013,1014,1014,873,0,0,0,3,46,501,500,406,906,906,0,simplified,simplified,0,94,92,5,32,0,404d5e511185b0396af954d8433f06f852a9bc1e7b27ab1ff9983b02c2a7fecd,404d5e511185b0396af954d8433f06f852a9bc1e7b27ab1ff9983b02c2a7fecd
da-author-qblevi-494cde49,QBLevi,da-work-65455858,除夕夜大作战,2018-02-15,1515,1516,1516,1240,0,0,0,3,80,736,735,584,1319,1319,0,simplified,simplified,0,152,144,11,36,0,5dd6b043ee766e316d4a71cb80eb0cf7fc253360d49d3b832dd275fca537bdb1,5dd6b043ee766e316d4a71cb80eb0cf7fc253360d49d3b832dd275fca537bdb1
da-author-breaddddd-d9923f3d,breaddddd,da-work-65465527,图表症,2018-02-15,120,113,113,45,7,0,0,9,1,23,22,12,34,34,0,simplified,simplified,0,11,7,5,9,1,961baed50278bface06cc16a9d8e0f3995495089e2247e2d6b259013a7e179d7,961baed50278bface06cc16a9d8e0f3995495089e2247e2d6b259013a7e179d7
da-author-agent-phage-bc08199e,Agent Phage,da-work-65472396,逝水的风沙,2018-02-15,2726,2540,2540,2223,186,187,1,12,111,1338,1337,1082,2419,2419,0,simplified,simplified,0,255,253,3,33,0,d961ab9e230565f83850efeefb6de1c94a63b95810f051114e90f719ec403292,d961ab9e230565f83850efeefb6de1c94a63b95810f051114e90f719ec403292
da-author-agent-phage-bc08199e,Agent Phage,da-work-65588644,沉的思念重的忆,2018-02-19,2950,2744,2744,1483,206,194,1,15,54,852,851,628,1479,1479,0,simplified,simplified,0,224,195,128,37,10,7ee72848add9f9bd38b2447ef5c62ca19f570fcb7bd55baf2110ab2ccd3ba8b8,7ee72848add9f9bd38b2447ef5c62ca19f570fcb7bd55baf2110ab2ccd3ba8b8
da-author-breaddddd-d9923f3d,breaddddd,da-work-65742004,回忆沙漠,2018-02-21,4758,4739,4739,2831,19,0,0,25,119,1645,1644,1222,2866,2866,0,simplified,simplified,0,423,386,154,73,29,dcfd371656ed83c8294aac888abb7d0817a1a1f804ed921506a3bd53f44b6074,dcfd371656ed83c8294aac888abb7d0817a1a1f804ed921506a3bd53f44b6074
da-author-re-spectators-464e4708,Re_spectators,da-work-66105575,扩散性缸中之脑,2018-02-28,1720,1655,1655,1042,65,0,0,13,33,600,599,493,1092,1092,0,simplified,simplified,0,107,99,36,17,6,f9f1de168c174792fb16afaa67289cdb5c46d8f791a3963b28b51ce7db57b25c,f9f1de168c174792fb16afaa67289cdb5c46d8f791a3963b28b51ce7db57b25c
da-author-qblevi-494cde49,QBLevi,da-work-66142500,崇祯秘史,2018-03-01,3051,3052,3052,2571,0,0,0,3,128,1473,1472,1126,2598,2598,0,simplified,simplified,0,346,344,1,53,0,b676bafa6c066b1b090b80d465bed863b940d631471f7347d587a80612f3ca7e,b676bafa6c066b1b090b80d465bed863b940d631471f7347d587a80612f3ca7e
da-author-re-spectators-464e4708,Re_spectators,da-work-66381882,五角场,2018-03-04,1879,1870,1870,1225,9,0,0,13,46,733,732,560,1292,1292,0,simplified,simplified,0,172,142,69,21,15,1e785fe799312c6f996e5fdbac0b7f08ca9ea4d2785aec7b97138f6be6c6a0e9,1e785fe799312c6f996e5fdbac0b7f08ca9ea4d2785aec7b97138f6be6c6a0e9
da-author-re-spectators-464e4708,Re_spectators,da-work-66450039,破碎的创世纪,2018-03-05,3655,3656,3656,3098,0,0,0,2,158,1858,1857,1517,3374,3374,0,simplified,simplified,0,341,336,15,59,0,376e38d168cd51f8952f404e0c28caafc0efa60a45327d6f5d99717ba3110d94,376e38d168cd51f8952f404e0c28caafc0efa60a45327d6f5d99717ba3110d94
da-author-re-spectators-464e4708,Re_spectators,da-work-66896600,Site-CN-13,2018-03-10,4113,4081,4081,2688,32,0,0,52,122,1600,1599,1274,2873,2873,0,simplified,simplified,0,325,267,125,75,28,daddce50e9eafe4eae6aa1d343b484548418298f7cd567e2112583e5d07382eb,daddce50e9eafe4eae6aa1d343b484548418298f7cd567e2112583e5d07382eb
da-author-breaddddd-d9923f3d,breaddddd,da-work-66936351,烘焙交响乐,2018-03-11,4874,4854,4854,2924,20,0,0,20,144,1683,1682,1272,2954,2954,0,simplified,simplified,0,411,391,144,72,7,52a8796827896bc0e6313301ae33c02f2b9bf11df22c40a69e1f10af9b411fba,52a8796827896bc0e6313301ae33c02f2b9bf11df22c40a69e1f10af9b411fba
da-author-re-spectators-464e4708,Re_spectators,da-work-66984978,SCP-CN-991,2018-03-12,11188,11185,11185,5900,3,0,0,97,220,3319,3318,2635,5953,5953,0,simplified,simplified,0,683,619,274,167,10,eed8ac69aafafc33ce444020bd67740e00d998519d925cabcf22fa684cf26625,eed8ac69aafafc33ce444020bd67740e00d998519d925cabcf22fa684cf26625
da-author-re-spectators-464e4708,Re_spectators,da-work-66985017,1999,2018-03-12,2537,2348,2348,1245,189,0,0,8,42,729,728,593,1321,1321,0,simplified,simplified,0,137,118,49,14,3,317f8df68693d15add4acf315c9d0cb1217891cab30392377867b294a20a4f56,317f8df68693d15add4acf315c9d0cb1217891cab30392377867b294a20a4f56
da-author-qblevi-494cde49,QBLevi,da-work-67086107,叄肆奇妙冒险第①话,2018-03-15,2309,2308,2308,1872,1,0,0,3,94,1094,1093,869,1962,1962,0,simplified,simplified,0,224,208,21,71,2,3ed18b0d757e608582b784083fe4c607c8ee6d5c2ef18a601ea5e7ada3f29919,3ed18b0d757e608582b784083fe4c607c8ee6d5c2ef18a601ea5e7ada3f29919
da-author-qblevi-494cde49,QBLevi,da-work-67086295,叄肆奇妙冒险第②话,2018-03-15,5336,5335,5335,4415,1,0,0,4,184,2712,2711,2258,4969,4969,0,simplified,simplified,0,453,420,51,104,4,82deb432af2e94f5932a88d9eaf7460302e437f2ff87c146c8a3b14e0ee7e426,82deb432af2e94f5932a88d9eaf7460302e437f2ff87c146c8a3b14e0ee7e426
da-author-agent-phage-bc08199e,Agent Phage,da-work-67619757,春眠不觉晓,2018-03-25,4589,4396,4396,3707,193,194,1,12,163,2232,2231,1824,4055,4055,0,simplified,simplified,0,407,396,25,63,0,2e644de5a8e4c0bc4ba6f4cacff27e18e85458e9e2f583a552e02ee2d3539140,2e644de5a8e4c0bc4ba6f4cacff27e18e85458e9e2f583a552e02ee2d3539140
da-author-mscarlet-78b5e8fb,MScarlet,da-work-67697906,四方桌仙,2018-03-25,7697,7686,7686,4886,11,0,0,32,203,3006,3005,2373,5378,5378,0,mixed,simplified,1526,632,600,152,165,65,ff2ace31401a03d6d7a22bdc8736cf59a1bd6dbaf95317d6d9cea1ec5713073a,fec4a05f9ab1ce0313cfba8dccedaf6c9494720bfadf47598a5b0806025dd3e7
da-author-breaddddd-d9923f3d,breaddddd,da-work-67753651,游戏机场,2018-03-26,5454,5451,5451,3818,3,0,0,34,176,2201,2200,1740,3940,3940,0,simplified,simplified,0,461,436,124,99,5,f831d3646918bd6eb15570fa0fda89dbb8ebb0517e8de585ebf1b36db79e0694,f831d3646918bd6eb15570fa0fda89dbb8ebb0517e8de585ebf1b36db79e0694
da-author-qblevi-494cde49,QBLevi,da-work-69986265,乌有星,2018-04-01,5781,5781,5781,4568,0,0,0,7,219,2602,2601,2098,4699,4699,0,simplified,simplified,0,503,483,70,110,0,accdec4b7f3a7c958351b1da122ecf2fefd077d1a89b1c4fc69995905165b428,accdec4b7f3a7c958351b1da122ecf2fefd077d1a89b1c4fc69995905165b428
da-author-qblevi-494cde49,QBLevi,da-work-69996711,DLC,2018-04-01,260,259,259,180,1,0,0,2,6,102,101,77,178,178,0,simplified,simplified,0,24,18,3,7,4,7e4590839b54a8d7bec93a25c589b33a1dca125e3ad6826b928cf0e156f94f37,7e4590839b54a8d7bec93a25c589b33a1dca125e3ad6826b928cf0e156f94f37
da-author-mscarlet-78b5e8fb,MScarlet,da-work-71697680,寂靜的音樂,2018-04-10,4188,4134,4134,2901,54,0,0,16,76,1725,1724,1413,3137,3137,0,traditional,simplified,904,312,272,85,69,11,c1e561f75587f751f829132dfa800ba41a24361f87642612abc24d024d6583a6,7f28c175856de0f0603ba3a81e3d124c500c7dff04fe89c3d5d414b48e950d0d
da-author-breaddddd-d9923f3d,breaddddd,da-work-72587967,美颜相机,2018-04-14,1911,1895,1895,1332,16,0,0,23,37,757,756,604,1360,1360,0,simplified,simplified,0,153,134,48,37,3,bc2447177772e457d96aa794b1c862d3806441a5aff21c1af5e8e1119d689293,bc2447177772e457d96aa794b1c862d3806441a5aff21c1af5e8e1119d689293
da-author-agent-phage-bc08199e,Agent Phage,da-work-72726577,液态现实稳定锚,2018-04-15,5816,5713,5713,4319,103,53,1,41,132,2484,2483,2063,4546,4546,0,simplified,simplified,0,421,393,114,75,14,598ecc8f46fd9e6a75bc7d269ed5b930185990c8920c106aa48ce274a87d8879,598ecc8f46fd9e6a75bc7d269ed5b930185990c8920c106aa48ce274a87d8879
da-author-agent-phage-bc08199e,Agent Phage,da-work-75311756,石化，墙中，混凝土,2018-05-06,4216,3949,3949,2550,267,194,1,49,88,1427,1426,1093,2519,2519,0,simplified,simplified,0,334,277,55,65,74,ca01f2ede09e1b232681f7d7417db843b66b4c6bb9b4f2bfee8cfc79d0537d58,ca01f2ede09e1b232681f7d7417db843b66b4c6bb9b4f2bfee8cfc79d0537d58
da-author-qblevi-494cde49,QBLevi,da-work-75381557,笑脸太阳,2018-05-07,3232,3226,3226,2446,6,0,0,27,97,1352,1351,1033,2384,2384,0,simplified,simplified,0,319,259,82,64,10,3ef63ea9f0f9b62eddaff7d9894f403ddf78f3931f2cd98e611c7e21f4ef380b,3ef63ea9f0f9b62eddaff7d9894f403ddf78f3931f2cd98e611c7e21f4ef380b
da-author-breaddddd-d9923f3d,breaddddd,da-work-75495595,旁白,2018-05-07,4906,4843,4843,3227,63,0,0,33,158,1998,1997,1563,3560,3560,0,simplified,simplified,0,435,418,124,91,34,8e3ee56ab3be46b5f216d43ecc762e837664ddbac5806be5c1f8b8f2af3fdeaa,8e3ee56ab3be46b5f216d43ecc762e837664ddbac5806be5c1f8b8f2af3fdeaa
da-author-agent-phage-bc08199e,Agent Phage,da-work-77150018,面条虫,2018-05-12,1766,1573,1573,1200,193,194,1,1,35,694,693,572,1265,1265,0,simplified,simplified,0,122,115,33,11,1,88476b9ceb782335c8eb581af525055fe97a80b59c6e324f49756a060c21f890,88476b9ceb782335c8eb581af525055fe97a80b59c6e324f49756a060c21f890
da-author-agent-phage-bc08199e,Agent Phage,da-work-77194250,公款旅游：周末购物,2018-05-13,4027,3830,3830,3213,197,194,1,20,151,1974,1973,1612,3585,3585,0,simplified,simplified,0,361,357,18,77,0,4ef005f379eb3ac56fdf13aee1b6f654932421640c433314755c833869c08979,4ef005f379eb3ac56fdf13aee1b6f654932421640c433314755c833869c08979
da-author-breaddddd-d9923f3d,breaddddd,da-work-78844309,二合一说明书,2018-05-18,3228,3219,3219,2389,9,0,0,12,77,1340,1339,1031,2370,2370,0,simplified,simplified,0,309,276,80,68,0,76f15202d778a1f0501f7c2530077c3246a8df7acfcceb17e45dbbd853142f1d,76f15202d778a1f0501f7c2530077c3246a8df7acfcceb17e45dbbd853142f1d
da-author-qblevi-494cde49,QBLevi,da-work-81308913,李维之死,2018-05-26,2748,2749,2749,2233,0,0,0,4,129,1311,1310,1025,2335,2335,0,simplified,simplified,0,287,258,52,67,2,3ed520974962727ec0c3678190fe984b9765279dfa80c4e9bdd5b070d1672168,3ed520974962727ec0c3678190fe984b9765279dfa80c4e9bdd5b070d1672168
da-author-breaddddd-d9923f3d,breaddddd,da-work-81594691,黑暗料理餐厅,2018-05-27,3818,3791,3791,2463,27,0,0,38,78,1410,1409,1060,2469,2469,0,simplified,simplified,0,350,295,104,85,16,1f53f39bb76eff7636fe564821ec38f1d50d54c1db30b96b2e0a250c6f1dd12d,1f53f39bb76eff7636fe564821ec38f1d50d54c1db30b96b2e0a250c6f1dd12d
da-author-etinjat-1c584251,Etinjat,da-work-86845638,异学零壹贰 律召调阳,2018-06-15,13091,12855,12855,7982,236,0,0,126,421,4667,4666,2867,7533,7533,0,mixed,mixed,23,1799,1671,218,403,104,3abcdbb7f00e654185f6f01ee176f21e6f740dfaec2f65c91421998364485b4f,dc029b1f9f37fde9e9aa58cd6a5228539e0f454ef3ba1bc845a0c12632afb83b
da-author-qblevi-494cde49,QBLevi,da-work-87676565,叄肆奇妙冒险第③话,2018-06-20,4036,4033,4033,2986,3,0,0,12,161,1825,1823,1446,3269,3269,3,simplified,simplified,1,375,353,56,124,2,e02878db93a3b8e3af6afeb60d89c894a5ff91a252dd5735e3208d981cac1bf7,b225fd3862fa20ef66eb32b892a87b8679c9f513e58a3273f956fd779a421fed
da-author-breaddddd-d9923f3d,breaddddd,da-work-89089899,鸡腿堡,2018-06-24,8161,8122,8122,4844,39,0,0,42,253,2798,2797,2094,4891,4891,0,simplified,simplified,0,704,642,253,146,19,cc8523f96a1717b3bc9afc9837d537fd9cb407aae99974d1fa0ed8a8122cada1,cc8523f96a1717b3bc9afc9837d537fd9cb407aae99974d1fa0ed8a8122cada1
da-author-agent-phage-bc08199e,Agent Phage,da-work-90739777,恒星风中如惊鸿掠过，诀别不须骊歌,2018-06-30,4521,4432,4432,3586,89,0,0,38,162,2194,2193,1732,3925,3925,0,simplified,simplified,0,461,443,41,98,0,2fe3625761ac5668d8decce2eaf73b703d6fb370a6b56b57a988d54cba96472d,2fe3625761ac5668d8decce2eaf73b703d6fb370a6b56b57a988d54cba96472d
da-author-mscarlet-78b5e8fb,MScarlet,da-work-91848682,學生檔案—S11013387,2018-07-05,8683,6350,6350,4331,2333,2207,1,75,150,2621,2620,2064,4684,4684,0,mixed,simplified,1399,557,442,171,237,3,9436509a8e907dcfc3b1979e071e3fe4d2e8771dc66225e330f7ce23ee97be25,4bf0446b54e249a1327af2fe61d1e9ff5ad7594823c6f5a78c162e5160694210
da-author-breaddddd-d9923f3d,breaddddd,da-work-95136464,小小世界,2018-07-25,17974,17793,17793,13183,181,0,0,171,534,7656,7655,5749,13404,13404,0,simplified,simplified,0,1907,1529,496,513,4,1fe40f16e2bcd0c5282ded6365a5e1b9f5c60b13e81b223715da8ede7a58d00e,1fe40f16e2bcd0c5282ded6365a5e1b9f5c60b13e81b223715da8ede7a58d00e
da-author-mscarlet-78b5e8fb,MScarlet,da-work-96021240,立國之本,2018-07-28,3315,3309,3309,2790,6,0,0,13,92,1648,1647,1371,3018,3018,0,traditional,simplified,771,277,264,22,65,2,dc346123972b3d352961177d14abc18d04ed352eee3db9e6876a8248ae8bb9c2,884d1675599edff74b7b6e05dad29de5e8a8d35d9da0db0fa888ddb92aa10792
da-author-agent-phage-bc08199e,Agent Phage,da-work-96065592,批准改造精神/生理影响性集群意识蠕虫以帮助阻断博拉德综合症患者与外界联系的申请,2018-07-29,4047,3841,3841,3379,206,199,1,10,93,1837,1836,1579,3415,3415,0,simplified,simplified,0,257,238,29,50,0,11df91e2e26a5be3637356014adc02b79193f4e4eeef0e4399ef03b55bd6e16f,11df91e2e26a5be3637356014adc02b79193f4e4eeef0e4399ef03b55bd6e16f
da-author-qblevi-494cde49,QBLevi,da-work-96998778,苍穹之上,2018-08-02,530,502,502,381,28,0,0,4,13,217,216,163,379,379,0,simplified,simplified,0,55,34,26,12,2,37c6725fa36298d21f6c958f8f10b249b51b9e16b90870d5fe384950f5e93601,37c6725fa36298d21f6c958f8f10b249b51b9e16b90870d5fe384950f5e93601
da-author-qblevi-494cde49,QBLevi,da-work-97026417,反恐24小时,2018-08-02,7333,7334,7334,5452,0,0,0,9,382,3227,3226,2513,5739,5739,0,simplified,simplified,0,715,658,154,176,0,f355becb95767bfba18a9d2c2c77d18026f1079682bd5a29545476ca43823667,f355becb95767bfba18a9d2c2c77d18026f1079682bd5a29545476ca43823667
da-author-mscarlet-78b5e8fb,MScarlet,da-work-97195798,熔合收容站點：Site-36,2018-08-03,15876,15735,15735,11445,141,0,0,197,324,6859,6858,5473,12331,12331,0,mixed,mixed,3223,1386,1135,383,461,5,07e4df948900fd49cca3e04e65a8aac36be3fdb0dfea8a6f2044693423da1a55,31eaa57411c7386d1024f5353749aebbf66a817afcb7d98075fb4af9fac6552f
da-author-etinjat-1c584251,Etinjat,da-work-99731126,万里河山沉旧画 百年风雨醉新觞,2018-08-10,7929,7476,7476,4067,453,0,0,42,288,2360,2359,1507,3866,3866,0,mixed,simplified,6,852,783,103,258,25,b71a41f338317fc106bfe23c172360564f0297099a1b8bce4460f943c2a70181,02278c8fd0149ae023cae7fd43f6e67e780dd421854f7209f433eae90ab4e115
da-author-etinjat-1c584251,Etinjat,da-work-102674405,诗钞——乐土长歌行,2018-08-18,2412,2312,2312,1526,100,0,0,57,80,897,896,646,1542,1542,0,simplified,simplified,0,252,212,48,107,10,1b64a3b89484270ff349e0e1e43b9626b8611168beab532f8ba6672b3ddd5151,1b64a3b89484270ff349e0e1e43b9626b8611168beab532f8ba6672b3ddd5151
da-author-qblevi-494cde49,QBLevi,da-work-103791839,基金会内参（2018年8月刊）,2018-08-22,682,676,676,482,6,0,0,7,12,257,256,202,458,458,0,simplified,simplified,0,54,39,15,15,0,919ddbc1466b7d545b2875e0bd78634570052caf094a836e011bcffb56eb2bed,919ddbc1466b7d545b2875e0bd78634570052caf094a836e011bcffb56eb2bed
da-author-agent-phage-bc08199e,Agent Phage,da-work-104815943,抱着蟑螂睡一觉,2018-08-25,1491,1427,1427,1008,64,64,1,6,31,610,609,481,1090,1090,0,simplified,simplified,0,129,122,35,14,1,f82c5adc0f99a4498a01e87d22f937fde6d2deed7112b1241bde3413df87d451,f82c5adc0f99a4498a01e87d22f937fde6d2deed7112b1241bde3413df87d451
da-author-agent-phage-bc08199e,Agent Phage,da-work-106634300,虚渊矽宇鲸,2018-09-04,4141,4056,4056,2552,85,61,1,16,69,1429,1428,1103,2531,2531,0,simplified,simplified,0,326,293,129,57,2,22027f76bd582d093e0bcd5735a2635a2d12cd5975e98acc997c0c0cd045688d,22027f76bd582d093e0bcd5735a2635a2d12cd5975e98acc997c0c0cd045688d
da-author-agent-phage-bc08199e,Agent Phage,da-work-107297856,再非静滞时空,2018-09-16,5484,5248,5248,3170,236,108,1,78,104,1813,1812,1382,3194,3194,0,simplified,simplified,0,431,348,217,95,45,20351f672d4a84f9de9b70917d21940ec4b1f48d1097c5747b018d703b34b159,20351f672d4a84f9de9b70917d21940ec4b1f48d1097c5747b018d703b34b159
da-author-qblevi-494cde49,QBLevi,da-work-107329691,凌晨星,2018-09-18,3756,3744,3744,2926,12,0,0,14,167,1713,1712,1359,3071,3071,0,simplified,simplified,0,353,336,52,97,0,7be99f6ae002c3757e896c9851875211315bcba3cc65919097d50478b8877ef5,7be99f6ae002c3757e896c9851875211315bcba3cc65919097d50478b8877ef5
da-author-qblevi-494cde49,QBLevi,da-work-107823928,叄肆奇妙冒险最终话,2018-09-27,2688,2686,2686,1948,2,0,0,11,114,1141,1140,887,2027,2027,0,simplified,simplified,0,253,234,40,66,1,387988ce5fbf757607b23e03cacd45f7e776c032837db8d5a8fcac05f18bd4c3,387988ce5fbf757607b23e03cacd45f7e776c032837db8d5a8fcac05f18bd4c3
da-author-etinjat-1c584251,Etinjat,da-work-108601495,净莲宝卷——花开福地劝民序歌,2018-10-01,480,446,446,353,34,0,0,24,4,190,189,129,318,318,0,simplified,simplified,1,62,35,0,31,2,627add608abd04d077b21fb7b6839975a90cb731d82d3c0bc431b81889f5667d,8c6317688a532bee5f259870125fa8a845ae5e25ecbf24348c13faf369d2e5ad
da-author-etinjat-1c584251,Etinjat,da-work-117860200,国风——下民,2018-10-06,1737,1680,1680,1053,57,0,0,40,62,691,690,370,1060,1060,0,simplified,simplified,0,321,197,44,185,14,f52e1380e32ef19070fc6f006f6ae79ddc30c8fce62c84f87f2b26a83ea0c466,f52e1380e32ef19070fc6f006f6ae79ddc30c8fce62c84f87f2b26a83ea0c466
da-author-agent-phage-bc08199e,Agent Phage,da-work-120861372,‘起源弹’(T3Y44/ML520/SH28J),2018-10-07,4595,4504,4504,3220,91,0,0,75,96,1818,1817,1510,3327,3327,0,simplified,simplified,0,307,253,76,95,0,9c7ff4c154a11bb51417dc888b0df8deda284272dc1f611081157bf2fd3cbb55,9c7ff4c154a11bb51417dc888b0df8deda284272dc1f611081157bf2fd3cbb55
da-author-agent-phage-bc08199e,Agent Phage,da-work-171135627,LTE-1969-Blaecca-Ford-Osmanthus-Spiral,2018-10-17,6025,5879,5879,4559,146,79,1,44,134,2539,2538,2055,4593,4593,0,simplified,simplified,0,484,424,102,123,0,17d736eb9e259b74a84f3a69670de7b9b5060aa2c8211894a5b6bb8541aab4eb,17d736eb9e259b74a84f3a69670de7b9b5060aa2c8211894a5b6bb8541aab4eb
da-author-etinjat-1c584251,Etinjat,da-work-283577088,Gp快递：Phy-Ele-T169534964，dado买了个吉安帕,2018-10-30,6548,3095,3095,1356,3453,3178,1,81,40,761,760,537,1297,1297,0,simplified,simplified,0,224,144,102,129,8,f859a8ed25ecd6fc7d87899753a7621085953c763eb6c2f0b447f105cda747c7,f859a8ed25ecd6fc7d87899753a7621085953c763eb6c2f0b447f105cda747c7
da-author-breaddddd-d9923f3d,breaddddd,da-work-298824867,幻想遗物,2018-10-31,964,959,959,651,5,0,0,5,23,379,378,296,674,674,0,simplified,simplified,0,82,77,29,15,0,1235d523aaa89d7b24d0e2b91ed038f74d5fc492894cdb1b320fcd967cff7a7f,1235d523aaa89d7b24d0e2b91ed038f74d5fc492894cdb1b320fcd967cff7a7f
da-author-etinjat-1c584251,Etinjat,da-work-323030459,国风——河水,2018-11-09,6275,6123,6123,3389,152,0,0,233,250,2270,2269,1075,3344,3344,0,mixed,mixed,24,1196,682,210,728,62,e373bdb82542ef3e803b190617888da99f3b67380066a323234f662cb890aba9,920efc90bb930a4de32016316a593f915bb8125edf0dfe0e3ee72fa798d02762
da-author-etinjat-1c584251,Etinjat,da-work-365486957,原颂——太初，又称，无上至真纯灵造物煮飞天面条创世雅歌,2018-11-19,2674,2596,2596,1995,78,0,0,27,64,1219,1218,943,2161,2161,0,simplified,simplified,0,277,217,12,79,7,1353d2cb7091c385eb49ecd3149a2eeaf91ac9c0997ccf1e00863b3ab67d8b55,1353d2cb7091c385eb49ecd3149a2eeaf91ac9c0997ccf1e00863b3ab67d8b55
da-author-mscarlet-78b5e8fb,MScarlet,da-work-378309033,當魔法與奇術交織之時,2018-11-23,26188,25565,25565,18650,623,340,1,121,498,10694,10693,8655,19348,19348,0,mixed,simplified,5853,2039,1795,553,389,1,07dc3ebc2898be8eabd53a0eb344170e27a08460ec220854ad5f91a8b5c61e45,92ef08e1cbcb1e41a5d7e2023fd5cafd6e77945d36b0303b11c4060dd076f45e
da-author-agent-phage-bc08199e,Agent Phage,da-work-383975978,一切终将逝去,2018-11-26,64408,63721,63721,43847,687,106,1,208,2056,26061,26060,21006,47066,47066,0,simplified,simplified,0,5055,4832,1205,1122,76,86ca8a812ae203c7c3034943f607f71e918e42e82e8eda456ea73d900a0c586e,86ca8a812ae203c7c3034943f607f71e918e42e82e8eda456ea73d900a0c586e
da-author-mscarlet-78b5e8fb,MScarlet,da-work-428735946,Gp快递：Un-Che-B9942420，鳳凰族的創世學/化學教材,2018-12-08,8886,4364,4364,2983,4522,4446,1,42,123,1750,1749,1333,3082,3082,0,mixed,simplified,89,417,300,163,157,2,cdb19e457fe582e11329f87bc0e9c715910f364b304d1e4daaa98bca706853fd,7eeaaf369ba265470d2a2e02401d97acf9b00cb43c5a492b49d7797eb7b61e87
da-author-agent-phage-bc08199e,Agent Phage,da-work-437477013,深海珊瑚梦,2018-12-09,6720,2376,2376,1614,4344,4342,1,2,42,927,926,747,1673,1673,0,simplified,simplified,0,180,177,60,16,0,518b7389208edc2ba02554fd8ff832cbb39577006a35778e701970831a2338aa,518b7389208edc2ba02554fd8ff832cbb39577006a35778e701970831a2338aa
da-author-breaddddd-d9923f3d,breaddddd,da-work-437478981,急行电车,2018-12-09,3404,3394,3394,2210,10,0,0,11,78,1263,1262,985,2247,2247,0,simplified,simplified,0,278,250,112,32,3,db1d2e5130c1f5085858266c346b4d661c839bce141a38e678b61301ef92e6de,db1d2e5130c1f5085858266c346b4d661c839bce141a38e678b61301ef92e6de
da-author-qblevi-494cde49,QBLevi,da-work-440694002,万世创伤,2018-12-10,616,588,588,425,28,0,0,2,15,233,232,177,409,409,0,simplified,simplified,0,57,53,16,11,0,ed81887fd797b784e34c967040e6ab9ef4cbe88debfb043e7006de027d354bee,ed81887fd797b784e34c967040e6ab9ef4cbe88debfb043e7006de027d354bee
da-author-qblevi-494cde49,QBLevi,da-work-486740375,绝望终局,2018-12-19,5025,5026,5026,3871,0,0,0,9,234,2192,2191,1690,3881,3881,0,simplified,simplified,0,502,471,85,111,1,6b92294939a2cd7868409a680f8172954b3faa7292066da99fecba7fd6549aed,6b92294939a2cd7868409a680f8172954b3faa7292066da99fecba7fd6549aed
da-author-etinjat-1c584251,Etinjat,da-work-509161993,诗钞——玄牝,2019-01-01,2879,2830,2830,1951,49,0,0,104,121,1155,1154,736,1890,1890,0,mixed,simplified,5,420,369,44,169,4,bbbcf13095941c6fb15cc034acfcc8512b04234c44072eac97cb0d0924882a14,039acba3fe985cc5bbda577f4af253f9d22ec6e3fcb18c3784577bc8050fee1d
da-author-breaddddd-d9923f3d,breaddddd,da-work-527681322,狡兔三窟,2019-01-06,5785,5771,5771,3505,14,0,0,15,173,1983,1982,1518,3500,3500,0,simplified,simplified,0,465,442,171,111,4,4a96fc6c2b4010dc20af516c364220ad43caa0c0e4712352a5d9cc43b8400219,4a96fc6c2b4010dc20af516c364220ad43caa0c0e4712352a5d9cc43b8400219
da-author-mscarlet-78b5e8fb,MScarlet,da-work-527868251,仙畫幻界，彼世遺民,2019-01-06,17720,17338,17338,11598,382,288,1,42,396,7165,7164,5788,12952,12952,0,mixed,mixed,3549,1377,1195,455,317,0,f8e441817c5611c82b454aa0039a55462c7eefdf180873dff4138a439aac49a6,1c1a2428e0a810ea4ed47e100f453e45f345adfc25829ce7c7e0951649536a70
da-author-etinjat-1c584251,Etinjat,da-work-594525495,绽放在废墟上的鲜花,2019-01-26,2161,2145,2145,1795,16,0,0,13,59,1033,1032,819,1851,1851,0,simplified,simplified,0,213,204,18,43,1,68bddb055a2e61118cc43fe1c2800720db5ac05f3e5af34059e6df9eee7eb241,68bddb055a2e61118cc43fe1c2800720db5ac05f3e5af34059e6df9eee7eb241
da-author-etinjat-1c584251,Etinjat,da-work-596381436,国风——日薄,2019-01-29,493,462,462,257,31,0,0,20,8,162,161,81,242,242,0,mixed,simplified,6,81,62,25,39,3,97047ef94a617ccfefcc6c48331cecb72d18315201233b51331c83eda64e54bd,5e85a50f4fbf7f5a9b7f0f2f083a8019a3f30525840a44ae42f3d4baf1c79fdc
da-author-agent-phage-bc08199e,Agent Phage,da-work-598141989,可否当上次遇见只是一场彩排,2019-02-01,3000,2929,2929,2476,71,61,1,11,111,1508,1507,1246,2753,2753,0,simplified,simplified,0,262,255,13,47,1,8596543fe89debf2c8d691bde202465ce95b12680a37587eb7a7d6036a791a3b,8596543fe89debf2c8d691bde202465ce95b12680a37587eb7a7d6036a791a3b
da-author-breaddddd-d9923f3d,breaddddd,da-work-598334976,物遗想幻,2019-02-10,5333,5311,5311,3393,22,0,0,20,148,1962,1961,1470,3431,3431,0,simplified,simplified,0,492,454,183,120,0,f2caffdf68ff5131cb10f718bfc5eab53f99328270f57b7b87ffe7400f460b28,f2caffdf68ff5131cb10f718bfc5eab53f99328270f57b7b87ffe7400f460b28
da-author-breaddddd-d9923f3d,breaddddd,da-work-598353484,回忆相机,2019-02-11,4458,4449,4449,2906,9,0,0,8,124,1759,1758,1366,3124,3124,0,simplified,simplified,0,393,346,142,80,2,0a2a145d3b7d1a750be6a83a96b381266a1303dafb7261a56ce87c0234ab70a6,0a2a145d3b7d1a750be6a83a96b381266a1303dafb7261a56ce87c0234ab70a6
da-author-mscarlet-78b5e8fb,MScarlet,da-work-606122515,4k序曲：基金會幻時代,2019-02-19,4250,3759,3759,3294,491,490,1,7,97,1992,1991,1682,3673,3673,0,traditional,simplified,961,309,291,26,47,0,3a5c3ea557ca327842f0fdedecc819544f67240f72cfab695739f399a9a3001a,e8947d310a24e114ad67236821bea977c06498cb0bb1b63f0621d1a72f6b4d02
da-author-breaddddd-d9923f3d,breaddddd,da-work-624209317,耳机派对,2019-03-05,1131,1132,1132,834,0,0,0,1,27,481,480,401,881,881,0,simplified,simplified,0,80,76,21,7,4,f792a83f660fa7b630d6d79b389be055281ff511fce88a1d4774a88ea0a02dc1,f792a83f660fa7b630d6d79b389be055281ff511fce88a1d4774a88ea0a02dc1
da-author-etinjat-1c584251,Etinjat,da-work-637581301,曲音——长亭四叠,2019-03-11,251,252,252,206,0,0,0,1,1,117,116,70,186,186,0,simplified,simplified,0,46,28,0,18,0,89f176fef31fbbfcd45f81c9a2010fca9b2c4df98135e5d3cc003426b6c46a72,89f176fef31fbbfcd45f81c9a2010fca9b2c4df98135e5d3cc003426b6c46a72
da-author-breaddddd-d9923f3d,breaddddd,da-work-638312903,化茧,2019-03-12,987,987,987,723,0,0,0,3,27,425,424,330,754,754,0,simplified,simplified,0,95,86,28,13,0,a347b7eee62045f5ce07da7305d7b6ded476873c58c4cdae9b50156e2b39bf75,a347b7eee62045f5ce07da7305d7b6ded476873c58c4cdae9b50156e2b39bf75
da-author-etinjat-1c584251,Etinjat,da-work-638790543,步虚列仙传——西方行者金公录,2019-03-13,979,974,974,788,5,0,0,3,42,443,442,288,730,730,0,simplified,simplified,0,155,144,1,17,4,a45bf82284be46c1b5aa8d5442b6dbd5b4b595e7e005dec0adb8ceeae14c442b,a45bf82284be46c1b5aa8d5442b6dbd5b4b595e7e005dec0adb8ceeae14c442b
da-author-etinjat-1c584251,Etinjat,da-work-639376584,疑心生暗鬼,2019-03-16,2566,2437,2437,1900,129,0,0,16,44,1084,1083,863,1946,1946,0,simplified,simplified,0,220,173,36,57,17,67158bf78eb5a04b6e6e003435ef68c204118d5d75408808bb1a65023903cefb,67158bf78eb5a04b6e6e003435ef68c204118d5d75408808bb1a65023903cefb
da-author-etinjat-1c584251,Etinjat,da-work-674765138,游记——清明岿阳行,2019-04-05,1623,1622,1622,1269,1,0,0,4,115,701,700,422,1122,1122,0,simplified,simplified,0,278,276,1,70,1,71d0c3e477e4ed631ce478723de427a9ba1aec8a78ec286ded98e83e09ca2b52,71d0c3e477e4ed631ce478723de427a9ba1aec8a78ec286ded98e83e09ca2b52
da-author-etinjat-1c584251,Etinjat,da-work-680226663,笔记：没有人知道这家伙,2019-04-09,984,958,958,690,26,0,0,4,17,423,422,332,754,754,0,simplified,simplified,0,90,67,36,49,14,c55b54772cc5995c14495ab75693b1812eaef1dc4c5ac776ab8211461ad0dd54,c55b54772cc5995c14495ab75693b1812eaef1dc4c5ac776ab8211461ad0dd54
da-author-breaddddd-d9923f3d,breaddddd,da-work-693864879,蝴蝶的白日梦,2019-04-13,2048,2046,2046,1304,2,0,0,5,41,757,756,598,1354,1354,0,simplified,simplified,0,158,145,56,19,4,10d25590fe9ba7595cabc4ce7a4891fbc7242a8ecf1c738427be56ce9fe05f0b,10d25590fe9ba7595cabc4ce7a4891fbc7242a8ecf1c738427be56ce9fe05f0b
da-author-breaddddd-d9923f3d,breaddddd,da-work-706086481,缓行电车,2019-04-15,11809,11738,11738,9304,71,0,0,64,591,5627,5626,4399,10025,10025,0,simplified,simplified,0,1228,1104,148,378,8,e74dd82c3bf3574a6186173e370dedc8bfdbcfbb80efc898412a0a5fd600ae0a,e74dd82c3bf3574a6186173e370dedc8bfdbcfbb80efc898412a0a5fd600ae0a
da-author-etinjat-1c584251,Etinjat,da-work-759001519,UIU档案：1996-005,2019-04-27,74,69,69,58,5,0,0,3,3,34,33,26,59,59,0,simplified,simplified,0,7,6,0,3,0,fd3db45d6847ba2dd308b6ef47d3eaf999f0c41c5cdc59c0532806df089b3865,fd3db45d6847ba2dd308b6ef47d3eaf999f0c41c5cdc59c0532806df089b3865
da-author-etinjat-1c584251,Etinjat,da-work-763105006,架起桥梁，让世界骨肉相连,2019-05-01,1785,1782,1782,1132,3,0,0,4,22,648,647,487,1134,1134,0,simplified,simplified,0,160,146,45,20,13,7ab746faf3d7af2d2ae8fe1361fab3c5b7faa8287d75fc05b302cbd2778632e2,7ab746faf3d7af2d2ae8fe1361fab3c5b7faa8287d75fc05b302cbd2778632e2
da-author-breaddddd-d9923f3d,breaddddd,da-work-783917970,“反转生死”竞赛访谈,2019-05-05,15570,15515,15515,12946,55,0,0,60,310,7790,7789,6404,14193,14193,0,mixed,simplified,13,1385,1289,120,375,2,a3c897faab27a83b214264505721e0e95f970ce5a8e5c990fc3196e1b24436ca,262b31149e0a8529ca397309ad79d4d5b3eec1c3b67eaea143d4f5c6d77caedf
da-author-etinjat-1c584251,Etinjat,da-work-789981763,楚辞——云梦仙,2019-05-09,12545,12355,12355,8022,190,0,0,224,582,4892,4890,3180,8070,8070,1,mixed,mixed,33,1712,1619,309,675,109,203efae052c884b72b4d40d3a8551473515a1201ec175f983b0e159ef95962f7,2578b77e328a79f048bbda85f9f1fcd0627ddd0e2a4c4a297c42234db24d9a89
da-author-breaddddd-d9923f3d,breaddddd,da-work-790242651,文语谈 第一期：酸奶,2019-05-12,5839,5669,5669,4422,170,0,0,145,134,2705,2704,2177,4881,4881,0,simplified,simplified,0,527,381,87,200,0,b02a2301b36f2563f8dffe4930adc4ab8fedf8d07b00dd8c3d928599ae757289,b02a2301b36f2563f8dffe4930adc4ab8fedf8d07b00dd8c3d928599ae757289
da-author-breaddddd-d9923f3d,breaddddd,da-work-790456839,天下没有不散的筵席,2019-05-13,3260,3239,3239,2136,21,0,0,21,73,1281,1280,974,2254,2254,0,simplified,simplified,0,307,248,94,69,18,a30e7f6866d1a055d9f3cd3b809936f90ec3ea175a46f0b82ac7ffd0950005f5,a30e7f6866d1a055d9f3cd3b809936f90ec3ea175a46f0b82ac7ffd0950005f5
da-author-etinjat-1c584251,Etinjat,da-work-799620866,异学贰玖玖 巫山神女,2019-05-18,6978,6632,6632,4178,346,0,0,56,249,2409,2408,1528,3936,3936,0,simplified,simplified,5,880,825,112,210,35,c0c135c8a2f5e0dbfce1560e4e7963a71a23d0078e0310c13872cc0ab730808e,db8d846790190b9b743049414c06e0a9e8ac902708da0f89e25aea4a2dffdbb5
da-author-mscarlet-78b5e8fb,MScarlet,da-work-801885584,免 費 Wi-fi 隨 處 用,2019-05-30,10069,9426,9426,4615,643,515,1,166,124,2782,2781,2210,4991,4991,0,traditional,simplified,1602,572,482,244,205,16,f6fbb1892efdf8c9586b85283bad7fcbdcccfe9ebb6e0e6d271a5f6f108963f9,f413ca735927eb8d53da7dfb57fd60a27011ee5c8d451c44fb9af731d545cc9f
da-author-breaddddd-d9923f3d,breaddddd,da-work-802230065,文语谈 第三期：WA,2019-06-02,10110,9882,9882,7965,228,0,0,186,281,4764,4763,3875,8638,8638,0,simplified,simplified,0,888,799,124,212,0,8a3fb0b394d371650b48e11cd80867ef8665b947f55d8517541ace352eb0279d,8a3fb0b394d371650b48e11cd80867ef8665b947f55d8517541ace352eb0279d
da-author-etinjat-1c584251,Etinjat,da-work-802283032,三坟崖书 · 人才卷 · 无囿,2019-06-08,6157,6134,6134,5144,23,0,0,6,246,3125,3122,2304,5426,5426,5,mixed,mixed,8,816,816,0,70,0,db9e4f747153e6d2b4c81b071c6c3110700b22f0f330e5045b4c60e546df2917,56b320caf940bd4c6b119ca2973c40a5fb5fc87d09a93f39afe27891cbb9bd62
da-author-etinjat-1c584251,Etinjat,da-work-806659345,香城开发票，兼代办证、代购产品、代写论文,2019-06-15,2444,2362,2362,1988,82,0,0,2,40,1128,1127,892,2019,2019,0,simplified,simplified,0,235,214,27,59,1,cc1d7e1e3b4db7da6f90f8a34eaee069a93797eddc6f93a62d63817955fa1699,cc1d7e1e3b4db7da6f90f8a34eaee069a93797eddc6f93a62d63817955fa1699
da-author-breaddddd-d9923f3d,breaddddd,da-work-814110819,星空便利店,2019-06-20,2201,2172,2172,1547,29,0,0,30,46,872,871,673,1544,1544,0,simplified,simplified,0,199,129,76,77,1,22f9625341b1a8dd66e9ccb4ef606ed3c11ccb3dbf92caf8b7aa38a07bf17e62,22f9625341b1a8dd66e9ccb4ef606ed3c11ccb3dbf92caf8b7aa38a07bf17e62
da-author-etinjat-1c584251,Etinjat,da-work-815414847,外典：衔花之蛇,2019-06-21,2141,2141,2141,1750,0,0,0,3,67,1078,1077,885,1962,1962,0,simplified,simplified,0,194,191,41,44,0,3762cf0c5f1dfb9d81abc99fb31c10889b87505a74afbbcd5f3e199883d2986e,3762cf0c5f1dfb9d81abc99fb31c10889b87505a74afbbcd5f3e199883d2986e
da-author-agent-phage-bc08199e,Agent Phage,da-work-817623443,世末积雨云,2019-06-21,5753,5636,5636,4337,117,53,1,26,122,2407,2406,1986,4392,4392,0,simplified,simplified,0,421,367,112,66,6,92cd2d186a5bb02ab73fbcd28fedfe360d41f886ba58db0c22ff6fb9a55bce2d,92cd2d186a5bb02ab73fbcd28fedfe360d41f886ba58db0c22ff6fb9a55bce2d
da-author-breaddddd-d9923f3d,breaddddd,da-work-822917699,文语谈 第五期：斯卡,2019-06-24,9269,9062,9062,6900,207,0,0,176,120,4262,4261,3454,7715,7715,0,mixed,mixed,1371,807,471,191,433,11,499146b83e3328921116674ddc27aef30570dc82da0a2a631483d945282680ce,15a8c39097842ac4006bb35c9c25839bf3d21586069d930ca283fa4ac301bdeb
da-author-etinjat-1c584251,Etinjat,da-work-822940210,LTE-4444-Bosch-ExMachina-Goodrick-Spiral,2019-06-25,8804,7516,7516,4409,1288,0,0,137,136,2507,2506,1931,4437,4437,0,simplified,simplified,0,577,474,88,263,33,9a8f9a73f181c98ea60dfcb28d1d344a8cf04a911b0e1ea4645fc4a6e7e7002c,9a8f9a73f181c98ea60dfcb28d1d344a8cf04a911b0e1ea4645fc4a6e7e7002c
da-author-agent-phage-bc08199e,Agent Phage,da-work-834731206,忘却的旋律,2019-07-05,31495,28045,28045,22622,3450,3172,1,94,1049,13801,13800,11348,25148,25148,0,simplified,simplified,0,2452,2364,315,486,4,b5eeb7bfb9183e8c53f69cde5671a7326a18a6dd6c5ee11f86558ace4297b05b,b5eeb7bfb9183e8c53f69cde5671a7326a18a6dd6c5ee11f86558ace4297b05b
da-author-etinjat-1c584251,Etinjat,da-work-835219410,爪爪逸闻：Inukai 和 Tekisasu ！,2019-07-07,3563,3526,3526,2653,37,0,0,12,95,1666,1665,1350,3015,3015,0,simplified,simplified,0,315,286,60,81,0,1b73e8976ea4e374a7635ae958a65eaa6521f3632e14de2583d17ed18b4fc925,1b73e8976ea4e374a7635ae958a65eaa6521f3632e14de2583d17ed18b4fc925
da-author-breaddddd-d9923f3d,breaddddd,da-work-846459613,盒子快递,2019-07-16,2753,2750,2750,2032,3,0,0,7,59,1172,1171,924,2095,2095,0,simplified,simplified,0,248,241,49,20,8,ea771dc9aac0faf99f7bdc98f20409d67638da01d3439191ed5af4abc5c90eae,ea771dc9aac0faf99f7bdc98f20409d67638da01d3439191ed5af4abc5c90eae
da-author-etinjat-1c584251,Etinjat,da-work-846940595,何曾歌日下？幻梦坠幽冥,2019-07-24,5174,5124,5124,4531,50,0,0,4,148,2728,2727,2248,4975,4975,0,simplified,simplified,0,479,477,3,20,0,e538ae011ac84e6685e3c10b28bd0052c43f14a492593657ef00440037c304b6,e538ae011ac84e6685e3c10b28bd0052c43f14a492593657ef00440037c304b6
da-author-breaddddd-d9923f3d,breaddddd,da-work-847205462,第二卷，世界77，节选：千城之城,2019-07-27,3824,3804,3804,3423,20,0,0,10,148,2082,2081,1736,3817,3817,0,simplified,simplified,0,346,339,1,27,0,192d2723907d23cf7327fa282870febb3c7c52ef4522a06a5498186f697388e0,192d2723907d23cf7327fa282870febb3c7c52ef4522a06a5498186f697388e0
da-author-agent-phage-bc08199e,Agent Phage,da-work-850079576,KTE-1357-Smitty,2019-07-31,5693,5459,5459,4044,234,212,1,26,118,2312,2311,1920,4231,4231,0,simplified,simplified,0,392,338,112,81,0,10c1969da2efc57c6487e3e2df9a95c32314f7628483b1df32c0eaa434f74a5d,10c1969da2efc57c6487e3e2df9a95c32314f7628483b1df32c0eaa434f74a5d
da-author-agent-phage-bc08199e,Agent Phage,da-work-852946049,LTE-8118-Moro,2019-08-03,6755,6616,6616,5474,139,73,1,45,166,3031,3030,2532,5562,5562,0,simplified,simplified,0,500,420,101,114,0,78515c2fb643891dd0ac673313b4ccf1098afb1bc20fe2f463cf36246d9df27d,78515c2fb643891dd0ac673313b4ccf1098afb1bc20fe2f463cf36246d9df27d
da-author-qblevi-494cde49,QBLevi,da-work-854836245,重返流浪地球,2019-08-10,1883,1884,1884,1531,0,0,0,22,100,878,877,704,1581,1581,0,simplified,simplified,0,173,167,16,45,0,0fb66a07969ffdee5ee1a9ba22a715394300fb6994093008ca86274f8b594989,0fb66a07969ffdee5ee1a9ba22a715394300fb6994093008ca86274f8b594989
da-author-agent-phage-bc08199e,Agent Phage,da-work-855597840,第十二号迷宫的捐赠品,2019-08-12,2796,2650,2650,2426,146,145,1,4,74,1374,1373,1199,2572,2572,0,simplified,simplified,0,174,167,4,26,1,8002113c4d54939d97fa46cab8e4512d7b66bc209c189e5f4173a62dd697579b,8002113c4d54939d97fa46cab8e4512d7b66bc209c189e5f4173a62dd697579b
da-author-agent-phage-bc08199e,Agent Phage,da-work-857753354,不飞的纸飞机,2019-08-14,1726,1533,1533,1172,193,194,1,1,40,666,665,556,1221,1221,0,simplified,simplified,0,110,102,32,14,0,c961c9bb6191fb18970233342705089073405fc1727ca1e12afe379d1aafcdb9,c961c9bb6191fb18970233342705089073405fc1727ca1e12afe379d1aafcdb9
da-author-breaddddd-d9923f3d,breaddddd,da-work-858222222,项目计划书 2024-336至339：“所以你想创作一份有关动物保护的作品”,2019-08-15,820,782,782,675,38,0,0,8,24,393,392,329,721,721,0,simplified,simplified,0,63,57,3,17,0,937c962a718c5f3efa8ad7c4fe018fcf84f727d1da47981152eff57325a6714f,937c962a718c5f3efa8ad7c4fe018fcf84f727d1da47981152eff57325a6714f
da-author-etinjat-1c584251,Etinjat,da-work-858288847,无人更唱风中曲,2019-08-17,1324,1323,1323,1149,1,0,0,7,5,691,690,559,1249,1249,0,simplified,simplified,0,133,79,1,67,0,e6fa230fa0dc7cccd2621736925ff7fe97dc07d0b3b4d19b0f3ede05586a6825,e6fa230fa0dc7cccd2621736925ff7fe97dc07d0b3b4d19b0f3ede05586a6825
da-author-etinjat-1c584251,Etinjat,da-work-858377558,外典：蛇之箴言,2019-08-20,378,379,379,318,0,0,0,1,3,194,193,143,336,336,0,simplified,simplified,0,50,23,1,28,0,1ebb325477e03735dca4c9c684da22e84d0091b77432487fcdbfd462943c8b94,1ebb325477e03735dca4c9c684da22e84d0091b77432487fcdbfd462943c8b94
da-author-mscarlet-78b5e8fb,MScarlet,da-work-858424800,那熔蝕根基的熔岩之地,2019-08-22,8979,8529,8529,6826,450,451,1,13,229,4176,4175,3479,7654,7654,0,traditional,simplified,1946,697,661,81,170,0,3580e4168975a67370f0f79723fbe3100165cb4a66a72499070139b85426fee7,1dc1ec9fcaf2484162c059f6c219d5759643111b9240c1b9fcc226475c1ae047
da-author-etinjat-1c584251,Etinjat,da-work-858456111,逸商书 · 金誓 · 注疏,2019-08-22,7110,7079,7079,5915,31,0,0,14,271,3554,3548,2621,6169,6169,10,mixed,mixed,7,923,912,28,73,10,0b3d802b4fcd8c9f3e3ad58c53aa3a951d35a1f0b924984d07bfd30698ba3159,849e170f3fbf91441e354f4696dc3357fa0d30ad52f0c53f71599f289af26bee
da-author-breaddddd-d9923f3d,breaddddd,da-work-896429708,文语谈 第六期：喵肉,2019-09-07,9961,9701,9701,7920,260,0,0,227,213,4890,4889,4105,8994,8994,0,mixed,simplified,3,784,605,117,293,8,2d74f5c5c72dab2f8793d992431ce052187d0ea76dbd099f40c0c83f285a9497,430e6a242e18ae56ab70d286aacec7b5ace23d2b0cab6f684a4b23d6a5527905
da-author-etinjat-1c584251,Etinjat,da-work-901564094,诗钞——悠悠霜玉轮,2019-09-13,23,24,24,20,0,0,0,1,1,10,9,5,14,14,0,traditional,simplified,5,4,0,0,4,0,3b2d10f97dc0be99dc97e78e93c015f26bf24d903834ea64d97c77572674a3eb,c8addaadf32a734ca725fd3a20eda93d5540d909bead30a590d334bda3da67fc
da-author-qblevi-494cde49,QBLevi,da-work-909936628,无际曲象,2019-09-23,1883,1881,1881,1251,2,0,0,8,87,720,719,537,1256,1256,0,simplified,simplified,0,183,166,56,54,1,e6885c32b6e00fd00336d48556dd68c2a7f99e0c06a2485c4b5d891b79fad234,e6885c32b6e00fd00336d48556dd68c2a7f99e0c06a2485c4b5d891b79fad234
da-author-etinjat-1c584251,Etinjat,da-work-912229461,诗钞——宴天行,2019-09-27,3474,3408,3408,2346,66,0,0,95,109,1384,1383,949,2332,2332,0,mixed,simplified,3,435,399,82,123,16,00021699edd4ceb0f2717d2c08f4d7febf7564c143408c2e826f77ffe3dcb57a,699f92029fba25f74c6bafb907d0ef325f72d15a4d0d94cc081bef631e6029e8
da-author-etinjat-1c584251,Etinjat,da-work-912942107,诗钞——破碎之心,2019-09-28,730,660,660,393,70,0,0,45,16,243,242,118,360,360,0,simplified,simplified,0,125,48,17,95,1,aa51e7e69c5f0236b8056872ac69a13b74b7f6963a047d96df746732155002e4,aa51e7e69c5f0236b8056872ac69a13b74b7f6963a047d96df746732155002e4
da-author-breaddddd-d9923f3d,breaddddd,da-work-914167985,幽灵过山车,2019-09-30,476,477,477,339,0,0,0,1,12,185,184,148,332,332,0,simplified,simplified,0,37,36,9,7,2,cf46e46b4a072bfa5f5df8704626b8b8a87cea713995fa10baa5c1448fea45e2,cf46e46b4a072bfa5f5df8704626b8b8a87cea713995fa10baa5c1448fea45e2
da-author-etinjat-1c584251,Etinjat,da-work-919140211,诗钞——拟幻想遗物其三 并序附注,2019-10-10,1749,1740,1740,1251,9,0,0,12,68,730,729,482,1211,1211,0,simplified,simplified,0,247,238,24,46,1,cc92691094fe773a7169de8712c1b5c5def47ae9a522edb215b0e9e2b34072c5,cc92691094fe773a7169de8712c1b5c5def47ae9a522edb215b0e9e2b34072c5
da-author-breaddddd-d9923f3d,breaddddd,da-work-919160150,绘星城购物指南,2019-10-12,28414,27088,27088,17511,1326,0,0,559,749,9890,9889,7608,17497,17497,0,simplified,simplified,0,2281,1889,432,835,42,c663d57f52369ac71b85efae40fd45819fb2ebb60f7dd8ca6b0d5124e838c607,c663d57f52369ac71b85efae40fd45819fb2ebb60f7dd8ca6b0d5124e838c607
da-author-breaddddd-d9923f3d,breaddddd,da-work-924639194,跳跃字符,2019-10-30,7163,7134,7134,4033,29,0,0,32,193,2324,2323,1716,4039,4039,0,mixed,simplified,6,608,590,164,149,3,a55128b1dddf46b638e474875b56bf90355b2221d0869f3b291f09d7f559523f,c9b0243144d6b5fc6210228964fc80d15323f98d67e421b6cba9b3eb98d4179c
da-author-breaddddd-d9923f3d,breaddddd,da-work-941042572,周末的世界,2019-12-01,5254,5252,5252,4113,2,0,0,25,190,2534,2533,1989,4522,4522,0,simplified,simplified,0,545,532,60,111,4,a36416ecfe8b6afe58de5dd2adba665e28bd9f52cd395c2e3be2d894fc3b3b0c,a36416ecfe8b6afe58de5dd2adba665e28bd9f52cd395c2e3be2d894fc3b3b0c
da-author-breaddddd-d9923f3d,breaddddd,da-work-942606126,雨中漫步,2019-12-02,973,973,973,746,0,0,0,4,24,436,435,364,799,799,0,simplified,simplified,0,72,70,16,10,0,c9de537817c5bfde7f61df34d9827e3a97672d194ebb8b5146153bac6ca0ec79,c9de537817c5bfde7f61df34d9827e3a97672d194ebb8b5146153bac6ca0ec79
da-author-etinjat-1c584251,Etinjat,da-work-943046033,长歌行——逐鹿何遑遑,2019-12-02,1473,1249,1249,320,224,0,0,7,11,183,182,118,300,300,0,simplified,simplified,1,64,33,1,32,0,98d7f35bbac469c381e7d69ffedade6bee9c9027f81676ad8f570da73deb6df9,40ed1747a80fec73b91e08035431b5b876799479968ee6932f556d7388eb1d27
da-author-etinjat-1c584251,Etinjat,da-work-963388335,岿阳谶——鹿尘子伏龙还丹诀,2019-12-13,255,256,256,224,0,0,0,1,1,122,121,89,210,210,0,mixed,simplified,1,32,16,0,16,0,b155522b3e5a8813915117fa522b0616e5ec8938e5244fd72b816d921f900088,9088194d95ac772cebe9daa4bd23ae00bf07fcc6dc170d3275eb158e2295c914
da-author-agent-phage-bc08199e,Agent Phage,da-work-985862865,SC-27/136-28/800,2019-12-21,3124,3063,3063,2309,61,62,1,3,60,1274,1273,1004,2277,2277,0,simplified,simplified,0,270,214,108,54,0,85369d72f2ea93243350b13663a5e412fd7d88601859341ea253a4f0624e66bb,85369d72f2ea93243350b13663a5e412fd7d88601859341ea253a4f0624e66bb
da-author-agent-phage-bc08199e,Agent Phage,da-work-985862979,青竹计划，1936年,2019-12-21,2346,2153,2153,1945,193,194,1,6,63,1126,1125,963,2088,2088,0,simplified,simplified,1,163,156,8,25,0,7c986d75f90e6241aba6dcd78d062de7ab47c5dd2dbb6f8cf27f72cd13c9d869,81472c01e029be2399f404b83692ac3bf0099bcdabcbe288ad9f0f5de29c9616
da-author-agent-phage-bc08199e,Agent Phage,da-work-985863073,安德森机器人安装指南：您最新的红腿小隼系列生命强化单元！,2019-12-21,3613,3239,3239,2945,374,314,1,23,86,1723,1722,1520,3242,3242,0,simplified,simplified,0,202,183,10,47,0,cab0c6dd12b690d21a11070e8631c199e6bef96925406b5d57b504973a523c69,cab0c6dd12b690d21a11070e8631c199e6bef96925406b5d57b504973a523c69
da-author-agent-phage-bc08199e,Agent Phage,da-work-985863162,翻开重生之夜篇章,2019-12-21,2308,2094,2094,1805,214,195,1,15,77,1097,1096,923,2019,2019,0,simplified,simplified,0,173,165,12,37,0,a3566237be1607b074c7524909dbad450fe9b25206e65b7bf21f4b402321f4d8,a3566237be1607b074c7524909dbad450fe9b25206e65b7bf21f4b402321f4d8
da-author-breaddddd-d9923f3d,breaddddd,da-work-985912542,小学作文四则,2019-12-24,1930,1918,1918,1434,12,0,0,8,116,914,913,645,1558,1558,0,simplified,simplified,0,268,248,60,35,0,472f13444816a6a995b152a635e5aec0ed227f24938f342fd2d245f82dd33536,472f13444816a6a995b152a635e5aec0ed227f24938f342fd2d245f82dd33536
da-author-breaddddd-d9923f3d,breaddddd,da-work-986029089,旅行相机,2020-01-02,1625,1611,1611,1187,14,0,0,15,37,689,688,542,1230,1230,0,simplified,simplified,0,147,125,28,49,1,63ee5659dc03a89baee68d745cfe0e1b255a527ab3744ddc26042ec99ad3bf56,63ee5659dc03a89baee68d745cfe0e1b255a527ab3744ddc26042ec99ad3bf56
da-author-etinjat-1c584251,Etinjat,da-work-986220250,华翼科技 异号第3579项协议,2020-01-18,6414,5915,5915,3595,499,0,0,65,106,1965,1964,1531,3495,3495,0,simplified,simplified,5,434,360,100,171,11,93d2b5e7e5e710accbb6f4523bd4db6739bb6d2cd9d76ade8811e998a8c83e65,d80a3aac157769fa0657bf0e8003a56b53edf6ec2242dabfceeb0b554b921070
da-author-etinjat-1c584251,Etinjat,da-work-986232376,切勿多疑，切勿深思，切勿相击,2020-01-19,2209,2203,2203,1633,6,0,0,4,38,929,928,767,1695,1695,0,simplified,simplified,0,162,151,55,46,2,71158cd67f6d7021e9969f8f4dffb05b162b829499e939f855c52aca0c06e62a,71158cd67f6d7021e9969f8f4dffb05b162b829499e939f855c52aca0c06e62a
da-author-etinjat-1c584251,Etinjat,da-work-986255831,夜中不能寐,2020-01-20,1974,1971,1971,1754,3,0,0,2,61,1067,1066,877,1943,1943,0,simplified,simplified,0,189,189,1,15,0,80a805646e061a00fc5aa47c109017caed593dcb3fde21b6105c5a478b916e46,80a805646e061a00fc5aa47c109017caed593dcb3fde21b6105c5a478b916e46
da-author-etinjat-1c584251,Etinjat,da-work-986308111,岿阳诀 —— 碧游春,2020-01-24,287,288,288,250,0,0,0,1,2,140,138,98,236,236,4,simplified,simplified,1,38,20,0,18,0,459918b2b41c2977d0ff7b2edd52523e2956760e82b4dd8c9e2010e57c551e0b,60ac77d9e13620f0e82a3580ca7d23456374a2cdd62d57e34c88cdb8e12c91d6
da-author-agent-phage-bc08199e,Agent Phage,da-work-986357745,伦理委员会怪谈志：乌云集结,2020-01-28,5301,5302,5302,4058,0,0,0,29,194,2378,2377,1944,4321,4321,0,simplified,simplified,0,434,427,98,103,0,890026ca6ac4407599afcd79627dee7bdab90d597bcbc778dabf581ef6a6863d,890026ca6ac4407599afcd79627dee7bdab90d597bcbc778dabf581ef6a6863d
da-author-breaddddd-d9923f3d,breaddddd,da-work-986478250,文语谈 第八期：素素,2020-01-30,5880,5704,5704,4427,176,0,0,160,94,2763,2762,2246,5008,5008,0,mixed,simplified,846,516,276,88,311,0,41a5cb855bc9921787e2acab72215e0b7f04433d2f9e2646e93a59c34e4b40a2,3f238ba38ee97d2c600a62f0d14d5a6edf354e4f06078caaa88a3ba25a3b9b2a
da-author-mscarlet-78b5e8fb,MScarlet,da-work-986500928,黎斗組長的得獎感言,2020-01-30,7198,6662,6662,5499,536,507,1,27,191,3319,3318,2740,6058,6058,0,mixed,simplified,1560,578,525,58,163,5,74f1ecf5bb7f5634e1cc236113771f096777ba3e0e56d4ddd51d1cb230d4dafc,ee11ed0fb4f8c7bb9dce85484342f058caff8af803a342f38f21fec2b0408e9b
da-author-etinjat-1c584251,Etinjat,da-work-986536790,层叠漾世歌（其一）：酩酊街上初逢酬赠忘忧人,2020-02-01,533,534,534,457,0,0,0,4,2,256,254,179,433,433,4,mixed,simplified,2,72,35,0,35,4,e256d16fdf0e32656f6fa86cd620229cbb0ca01647551f0f2fb20dff9ffa80b5,b1e446db0aca655fce5ee0400bb2ef5253fb421a161a36ab857044aa88f2c5df
da-author-etinjat-1c584251,Etinjat,da-work-986560936,星汉灿烂,2020-02-03,789,785,785,520,4,0,0,3,14,297,296,233,529,529,0,simplified,simplified,0,64,57,19,18,4,c894f5ca89cc8df7824e29b0c70c432d2d6afe3180b687c0f464b0288e4004aa,c894f5ca89cc8df7824e29b0c70c432d2d6afe3180b687c0f464b0288e4004aa
da-author-etinjat-1c584251,Etinjat,da-work-986572509,讹谬之相,2020-02-04,1255,1254,1254,892,1,0,0,3,15,508,507,419,926,926,0,simplified,simplified,0,89,88,23,25,0,8b2400d0070ed090b0c9ad776f7742eb3629cdde3e89c6f4720de538f8f0f6fe,8b2400d0070ed090b0c9ad776f7742eb3629cdde3e89c6f4720de538f8f0f6fe
da-author-etinjat-1c584251,Etinjat,da-work-987072542,应当多加关心基金会员工的精神状态，也许吧,2020-02-13,445,446,446,340,0,0,0,2,9,191,190,156,346,346,0,simplified,simplified,0,35,34,7,6,2,28358391f3cc71eac9480f00d67942e25e2485b488a431a534731adc64b84636,28358391f3cc71eac9480f00d67942e25e2485b488a431a534731adc64b84636
da-author-etinjat-1c584251,Etinjat,da-work-987087585,关于欲肉教血脉和合论神话起源文献记录,2020-02-14,1262,1258,1258,864,4,0,0,5,56,498,497,314,811,811,0,simplified,simplified,1,183,180,48,26,0,1cebc9a65875cc5c027dd8b98225e2b8819fe66951aedcaafd8463aae8e23def,db24a84ac34263eddfdd37e0d578dfa52c13c4fd32b41f19b78a3dd5bf8e9b86
da-author-etinjat-1c584251,Etinjat,da-work-987529071,那梨石音尺,2020-02-17,5783,5767,5767,4830,16,0,0,17,153,2893,2892,2384,5276,5276,0,simplified,simplified,0,508,496,49,68,0,99ab4ffa51b1da2c0129b75dbb23cec5653910a0b2b42d16494d82f6f66eb66d,99ab4ffa51b1da2c0129b75dbb23cec5653910a0b2b42d16494d82f6f66eb66d
da-author-agent-phage-bc08199e,Agent Phage,da-work-988356444,无字碑,2020-02-18,1266,1184,1184,942,82,83,1,1,27,529,528,442,970,970,0,simplified,simplified,0,87,80,23,10,0,d55f0793484a6a875e7ff991c8b24bee1cac51640d001a9fc68e486c02755009,d55f0793484a6a875e7ff991c8b24bee1cac51640d001a9fc68e486c02755009
da-author-etinjat-1c584251,Etinjat,da-work-993066801,笔记：没有人了解管理员的秘密,2020-02-20,765,756,756,599,9,0,0,2,21,333,332,250,582,582,0,simplified,simplified,0,83,69,3,31,20,095334f43f29318ee181e07e1b3ada6a61751423df67573f3b4b2372bafbb3d5,095334f43f29318ee181e07e1b3ada6a61751423df67573f3b4b2372bafbb3d5
da-author-mscarlet-78b5e8fb,MScarlet,da-work-998805909,安布羅斯香江誠草店的菜單,2020-02-29,3797,3289,3289,2312,508,417,1,45,55,1386,1385,1163,2548,2548,0,traditional,simplified,581,222,149,44,115,22,a8901905aa69b7b9a3171d992901c0eb4802ede24f36f54272ee931f3a895515,5993bebfa5ac0a66d8d44ab8980258085a9f1c1429d840341f36d14838eaaa65
da-author-etinjat-1c584251,Etinjat,da-work-999247145,前传：无人见此异变,2020-03-01,4791,4784,4784,4339,7,0,0,2,132,2611,2610,2194,4804,4804,0,simplified,simplified,0,416,416,0,19,0,88fedb1903f763fd4d39f8e3937fa6133d4ffbc5e6a7da389ad8798cda810826,88fedb1903f763fd4d39f8e3937fa6133d4ffbc5e6a7da389ad8798cda810826
da-author-etinjat-1c584251,Etinjat,da-work-999696783,共醉酩酊迷大梦，不知伊人在何方,2020-03-04,2014,1977,1977,1261,37,0,0,8,35,758,757,602,1359,1359,0,simplified,simplified,0,156,151,42,61,2,812871baaecf4995c2f731684d6be62fdb2629c379020afb00c25e0c1f695d3e,812871baaecf4995c2f731684d6be62fdb2629c379020afb00c25e0c1f695d3e
da-author-etinjat-1c584251,Etinjat,da-work-999737203,无字碑,2020-03-06,743,743,743,556,0,0,0,2,16,314,313,260,573,573,0,simplified,simplified,0,55,53,9,13,2,b7d463c17eafa275ec00030408ce09ec06ffd1be8df7181b19087d02497c31c1,b7d463c17eafa275ec00030408ce09ec06ffd1be8df7181b19087d02497c31c1
da-author-breaddddd-d9923f3d,breaddddd,da-work-999753970,单色房间,2020-03-07,2215,2203,2203,1763,12,0,0,15,53,1018,1017,837,1854,1854,0,simplified,simplified,0,181,157,33,36,2,827eca8b092f3f3f5e1c405e3d3ba4e4f7399e01df79d8fe76559e39df2d1f99,827eca8b092f3f3f5e1c405e3d3ba4e4f7399e01df79d8fe76559e39df2d1f99
da-author-etinjat-1c584251,Etinjat,da-work-999856373,雾中怪谈,2020-03-11,980,972,972,763,8,0,0,6,20,426,425,352,777,777,0,simplified,simplified,0,74,70,13,20,1,d9917ad5cd18f7850138b3c79c0c230cc56fd40e8221e6018e113364cdded875,d9917ad5cd18f7850138b3c79c0c230cc56fd40e8221e6018e113364cdded875
da-author-etinjat-1c584251,Etinjat,da-work-999864019,请前往Site-CN-44以获取独立储存的数据,2020-03-11,1816,1743,1743,1251,73,0,0,14,27,702,701,583,1284,1284,0,simplified,simplified,0,119,113,29,36,7,9442414f953fcdd80cc059de8e1230cbdbe2865f8f891d8b4192db0f341795f3,9442414f953fcdd80cc059de8e1230cbdbe2865f8f891d8b4192db0f341795f3
da-author-agent-phage-bc08199e,Agent Phage,da-work-999922846,是否还在身旁？,2020-03-13,2494,2306,2306,1493,188,0,0,22,47,869,868,701,1569,1569,0,simplified,simplified,0,167,148,63,33,2,62ef3374919730771bdb289c89a2a085b16138070ced27026cac7cf2af97cf2f,62ef3374919730771bdb289c89a2a085b16138070ced27026cac7cf2af97cf2f
da-author-etinjat-1c584251,Etinjat,da-work-999927899,超形上学冒泡泡，尽揽叙事酷到爆,2020-03-13,1733,1694,1694,1078,39,0,0,10,27,631,630,508,1138,1138,0,simplified,simplified,0,124,119,41,22,0,48563a8460ed158a810d8e631b44d372d6af082f9ad1865227dc3cd3bce91855,48563a8460ed158a810d8e631b44d372d6af082f9ad1865227dc3cd3bce91855
da-author-agent-phage-bc08199e,Agent Phage,da-work-1002239704,迟来的光芒随风而去,2020-03-21,2040,1827,1827,1562,213,204,1,11,59,979,978,835,1813,1813,0,simplified,simplified,0,144,133,18,22,0,9661195c4445aaeaef26b9c84eeadbf5fa59250def7e4e9c7e449ef3989278f3,9661195c4445aaeaef26b9c84eeadbf5fa59250def7e4e9c7e449ef3989278f3
da-author-agent-phage-bc08199e,Agent Phage,da-work-1002340709,Carroll 122 号：虚空之名,2020-03-26,2728,2510,2510,2161,218,198,1,12,65,1259,1258,1073,2331,2331,0,simplified,simplified,0,187,173,19,41,0,05213e66077a0eb7ebf0589060b923db08ea64a6abd5abd75c1670c7b827d966,05213e66077a0eb7ebf0589060b923db08ea64a6abd5abd75c1670c7b827d966
da-author-agent-phage-bc08199e,Agent Phage,da-work-1002342616,格鲁乌-P 个案卷宗“科什-Kosch”,2020-03-26,4130,3737,3737,2849,393,0,0,54,84,1608,1607,1279,2886,2886,0,mixed,simplified,1,328,303,56,100,1,8aeb821e42a7b82d16fb5bb3ae458228fc69114a84ee6ba38f1c840261fb6975,c2497bbff14939bd08c006583b9a805385ff91ab646719104df22061c66e85c5
da-author-etinjat-1c584251,Etinjat,da-work-1015498089,歌行：五次覔狂喜,2020-03-31,231,229,229,199,2,0,0,2,1,112,111,82,193,193,0,simplified,simplified,0,29,14,0,15,0,cfb523b849392f9f49dc6ead76974e874db16c32e0383b8c7a762411d675dc58,cfb523b849392f9f49dc6ead76974e874db16c32e0383b8c7a762411d675dc58
da-author-mscarlet-78b5e8fb,MScarlet,da-work-1020114949,專訪重裝海豹人,2020-04-01,3393,2809,2809,2195,584,575,1,11,71,1359,1358,1101,2459,2459,0,mixed,simplified,588,257,219,40,86,0,6168fd2c88138d63f423b02aaadfc7457c04baf027e06f2b3ccf62b1961c36cf,5057507ae0b8804a06ef7de0e26e0191a5c73bdb5c919fbe1e2e018339beb6e2
da-author-re-spectators-464e4708,Re_spectators,da-work-1022073917,取代反应,2020-04-02,8425,7350,7350,4585,1075,1008,1,99,247,2543,2542,1987,4529,4529,0,mixed,simplified,12,555,520,167,131,43,89b9bf5771b9f8e804e464c38c27a68eea44d971dbec5bdff66d6687bd7f85b1,7b9183f9d85bf3184232639fcb0f59b675c380087485b27eae38925e757536a0
da-author-re-spectators-464e4708,Re_spectators,da-work-1022095056,Re_spectators的提案,2020-04-02,1049,1050,1050,796,0,0,0,2,26,464,463,390,853,853,0,simplified,simplified,0,74,67,18,11,2,897e646d09705c37375851b09c818ebd6b12ea9097fda8a6f6247683b38a2241,897e646d09705c37375851b09c818ebd6b12ea9097fda8a6f6247683b38a2241
da-author-breaddddd-d9923f3d,breaddddd,da-work-1024189828,梦境搬家,2020-04-04,6229,6221,6221,4033,8,0,0,14,195,2383,2382,1834,4216,4216,0,simplified,simplified,0,549,535,166,116,1,2ee8eaa2f7d925b84f953b9d2583a09eaf0b6f3e7de7163855ee8a749be0d29d,2ee8eaa2f7d925b84f953b9d2583a09eaf0b6f3e7de7163855ee8a749be0d29d
da-author-etinjat-1c584251,Etinjat,da-work-1024229829,愚者史诗 —— 缢王深殿里,2020-04-07,3094,3012,3012,2564,82,0,0,25,7,1503,1499,1099,2598,2598,8,mixed,mixed,10,397,204,0,197,3,0195f03726e46dbc0ab28a2e70ecb2869edb05a54affc42ff57a6d8376976f13,89f2d50e1c2f7d79b03e9f5d8219894beb9ede493ccfa838c60c403befd01758
da-author-breaddddd-d9923f3d,breaddddd,da-work-1024284927,小问号的朋友,2020-04-11,1318,1267,1267,1026,51,0,0,21,69,594,593,476,1069,1069,0,simplified,simplified,0,117,116,6,27,0,c397d17bc9c7278392ee131d972766b7a93d0551c423d9004b529f5c8032e7b2,c397d17bc9c7278392ee131d972766b7a93d0551c423d9004b529f5c8032e7b2
da-author-re-spectators-464e4708,Re_spectators,da-work-1026154822,一花一世界,2020-04-25,9195,9094,9094,6419,101,0,0,119,272,3739,3738,3056,6794,6794,0,mixed,simplified,12,682,628,200,162,18,e1157ce4a5739c5ae789079c3f12af74dbe98f0aadc9f59bcaa25f9328e6a370,9fc72168c7c6fb78bb08a79bc098793cff08efb9b69967bb25c42c26edf6bc47
da-author-re-spectators-464e4708,Re_spectators,da-work-1026154861,SCP-CN-1827,2020-04-25,815,776,776,618,39,0,0,26,32,384,383,318,701,701,0,simplified,simplified,0,66,65,1,26,0,da974da1bf9061377c9e03fdce7096426447a475acb751036e7fd14503d2c8c2,da974da1bf9061377c9e03fdce7096426447a475acb751036e7fd14503d2c8c2
da-author-re-spectators-464e4708,Re_spectators,da-work-1035036156,青鸟,2020-05-03,5692,5055,5055,2328,637,0,0,26,112,1329,1328,1011,2339,2339,0,mixed,simplified,12,318,290,64,69,1,9ece874ebce985f1fffa3073c5dda3ae6192c4e57c06b9db4e22c4e34feb8601,a46b8b7623124f26080274cced20df7a9f3b6184e468931553a0e9fbc743663a
da-author-breaddddd-d9923f3d,breaddddd,da-work-1076522189,巧克力烤面包,2020-05-24,2013,2007,2007,1545,6,0,0,8,38,866,865,701,1566,1566,0,simplified,simplified,0,165,140,23,29,19,52de737b9ca6b73d8e72e20708d537aeab30febca51750370d43a8e04f307c38,52de737b9ca6b73d8e72e20708d537aeab30febca51750370d43a8e04f307c38
da-author-etinjat-1c584251,Etinjat,da-work-1086212331,愚者漫吟游,2020-05-25,2046,1824,1824,839,222,0,0,9,10,485,484,366,850,850,0,simplified,simplified,0,118,24,1,95,0,e8f8b8a3981d1ab8504ec3127662b326697f7bcee8cb381b51bf0f4d687b1ac4,e8f8b8a3981d1ab8504ec3127662b326697f7bcee8cb381b51bf0f4d687b1ac4
da-author-agent-phage-bc08199e,Agent Phage,da-work-1133221610,死血,2020-05-30,3125,2857,2857,2097,268,268,1,8,58,1174,1173,961,2134,2134,0,simplified,simplified,0,213,195,69,38,2,1e7e87b09b6d1f50494aa7ebc64c3dd713f6226305324c8dea0b9e72faaf84ec,1e7e87b09b6d1f50494aa7ebc64c3dd713f6226305324c8dea0b9e72faaf84ec
da-author-etinjat-1c584251,Etinjat,da-work-1133955432,异学陆柒壹 若港梦华,2020-05-31,6479,6260,6260,4613,219,0,0,28,253,2617,2616,1733,4349,4349,0,mixed,simplified,7,884,869,1,81,9,9698e6a193965b597b1fb41266353f29e54c9ae65ec5c027762911fea776650a,9a691a0c14310fcd104040c35c512074f63905ddc9dcca438c7b971f464849a1
da-author-etinjat-1c584251,Etinjat,da-work-1148395730,🎴㉩🔪🙀,2020-06-11,1007,1008,1008,750,0,0,0,1,16,439,438,366,804,804,0,simplified,simplified,0,73,72,17,8,0,953d1efdf524a713735959b35d6f18973f3fc9e5db2e9afc58fe061a85b93af9,953d1efdf524a713735959b35d6f18973f3fc9e5db2e9afc58fe061a85b93af9
da-author-agent-phage-bc08199e,Agent Phage,da-work-1156352079,PS-01 问题,2020-06-15,4152,4150,4150,3496,2,0,0,4,177,2096,2095,1724,3819,3819,0,simplified,simplified,0,371,364,21,74,0,1f60940e6c179b39dbc4722ac760768171a52aa868e758a07f5c8f66128acb2b,1f60940e6c179b39dbc4722ac760768171a52aa868e758a07f5c8f66128acb2b
da-author-agent-phage-bc08199e,Agent Phage,da-work-1164253803,液体猫咪,2020-06-18,5492,2289,2289,1658,3203,3201,1,5,53,943,942,783,1725,1725,0,simplified,simplified,0,160,151,50,27,0,37bafd150219137842837211c43ba281d37705d8b02d59fb04147038164b2afa,37bafd150219137842837211c43ba281d37705d8b02d59fb04147038164b2afa
da-author-etinjat-1c584251,Etinjat,da-work-1165114729,最期之艦,2020-06-22,666,637,637,533,29,0,0,10,1,310,308,214,522,522,2,mixed,simplified,170,94,0,0,94,1,2daf13af45c0a9b959d445980366ede4c479defab31ab3ce65aa2d68c00220ea,73a4747fa10698234714f966361afd26fff38529e54556c9433aec8528cc3627
da-author-etinjat-1c584251,Etinjat,da-work-1165115409,黑桃皇后童谣集：神奇竖林大冒险,2020-06-22,247,245,245,206,2,0,0,2,3,117,116,86,202,202,0,simplified,simplified,0,30,17,0,13,1,4b8e0804309d6fa83b89ce5131a3f52eabe7bc7777a8159a4e7a4ce3f365468b,4b8e0804309d6fa83b89ce5131a3f52eabe7bc7777a8159a4e7a4ce3f365468b
da-author-etinjat-1c584251,Etinjat,da-work-1165120332,小雅 · 悠飔,2020-06-23,3261,2952,2952,1143,309,0,0,65,59,708,703,457,1160,1160,7,mixed,simplified,1,245,184,74,121,21,6274e296022f54c67d734e69d7965a585134bab42b2948d2c67be563b27e88be,9642089a76295a3993ad7be5edb49cee96e18c99e4767a8bb443f34b0201c781
da-author-breaddddd-d9923f3d,breaddddd,da-work-1165201965,文语谈 第九期：infas,2020-06-29,17060,16586,16586,12623,474,0,0,435,767,7978,7977,6318,14295,14295,0,simplified,simplified,0,1659,1458,250,569,1,aaf8f0c8176e23ff5ba8703562f8fafef1c35c253d34466c003559cce1ffc7ad,aaf8f0c8176e23ff5ba8703562f8fafef1c35c253d34466c003559cce1ffc7ad
da-author-mscarlet-78b5e8fb,MScarlet,da-work-1165207306,一頭會行走的海豹,2020-06-30,2477,2045,2045,1438,432,386,1,15,34,848,847,710,1557,1557,0,mixed,simplified,472,137,127,49,33,0,26cd9f693210c1ff142fcd192bbd09bbd8af1ea2d5af9e0184a85be121d19c1d,97fad2cc8d26ce01844fe18f396952282246bc2c4981eb1d826c1982d880e5c1
da-author-agent-phage-bc08199e,Agent Phage,da-work-1204177967,PS-02 坏运,2020-07-19,5227,5026,5026,4371,201,194,1,9,201,2716,2715,2301,5016,5016,0,simplified,simplified,0,414,413,2,68,0,68824078a395d04d53f5d2ae66ecc14508698f60414406e57ce2709234aef17b,68824078a395d04d53f5d2ae66ecc14508698f60414406e57ce2709234aef17b
da-author-etinjat-1c584251,Etinjat,da-work-1204498253,游音流 - 鲨击百科,2020-07-19,22049,15536,15536,7373,6513,0,0,260,277,4175,4174,3108,7282,7282,0,simplified,simplified,0,1066,751,161,424,13,76d86f72382cb990aa920618f053b331785273243fa78d1fc2aa9232e5c18168,76d86f72382cb990aa920618f053b331785273243fa78d1fc2aa9232e5c18168
da-author-etinjat-1c584251,Etinjat,da-work-1257303606,虚皇衍帝说无量绎梦万天七法妙宝镇域外伪魔经,2020-07-31,3630,3407,3407,2095,223,0,0,5,108,1178,1177,778,1955,1955,0,mixed,mixed,2,400,400,1,20,0,ab4e211db4abffd7777ea2a5a8a3e97f47dc496912c9d95319eb0458f3f50f18,18330ed0016d54cf40614d5e09cd85755b6b62f124ce47f76ee7dba037ab3fd5
da-author-agent-phage-bc08199e,Agent Phage,da-work-1260628233,第〇〇三三号,2020-08-03,5441,5198,5198,4482,243,212,1,40,185,2654,2653,2131,4784,4784,0,simplified,simplified,12,522,509,19,85,3,da462a70d00fe0396717bac1a8802e7039eac8dae7d465638f32a15cb72e3a41,7f5bf7219acec9ee9dceddd56c5869885261cfeb0e3c02ef5cb5236180248101
da-author-breaddddd-d9923f3d,breaddddd,da-work-1260808376,安布罗斯 x AWCY联名快闪店,2020-08-16,5366,5338,5338,4480,28,0,0,26,145,2574,2573,2093,4666,4666,0,simplified,simplified,1,482,428,50,105,9,60c4f7231fbd7a81418a33be395ba66b50049f56e49ed5473f45c0cdd35f14d9,dce657f245e1521cde5b0e253a100bf97ec14d42d56bcc920dfd1270dc1f2798
da-author-etinjat-1c584251,Etinjat,da-work-1261306531,万劫历数混元通纪 · 十纪卮言第七 · 中,2020-08-20,28774,28587,28587,23195,187,0,0,49,1037,13393,13388,8767,22155,22155,9,mixed,mixed,25,4618,4531,149,262,13,ad93d1459eb24053a2a7358a53d7eb91795afab10a5ce342153af7b9ae649b8e,45a49383364ad9bf171671511bfc04903a1f23184d6e7a7057362b15ce876bd7
da-author-agent-phage-bc08199e,Agent Phage,da-work-1267725120,文语谈 第十一期：紫猫,2020-08-23,13038,12654,12654,10038,384,0,0,344,449,6162,6161,5020,11181,11181,0,simplified,simplified,0,1142,905,142,644,8,1be73fe0fd6081c480d3ba848c4d95a5def6bc869a0333e8953afbfa33fc524b,1be73fe0fd6081c480d3ba848c4d95a5def6bc869a0333e8953afbfa33fc524b
da-author-etinjat-1c584251,Etinjat,da-work-1278079946,鲁镇纪略,2020-09-09,3427,3352,3352,2892,75,0,0,11,120,1748,1747,1402,3149,3149,0,mixed,simplified,1,347,338,13,33,0,40a3ad893fc4b0fde0ac386c7c1a549b0901357794c85448c34665cdcb7eb61c,1c7e6b2e84762b78e42d205a473ec41169536b4edb526bc7021cff889ee12993
da-author-breaddddd-d9923f3d,breaddddd,da-work-1299736730,文语谈 第十二期：噬菌体,2020-09-14,16916,16514,16514,12980,402,0,0,357,514,8052,8051,6458,14509,14509,0,mixed,simplified,7,1593,1259,256,676,4,a77a2cf3d846c6f67e5c0edfea0554ec602bd613b34a7ffa2370d7b70cdd71c6,eb99dabaaf20f7e53b65e5b6bd75d0ab1f51abbb1b948acb73c58083d28974b5
da-author-etinjat-1c584251,Etinjat,da-work-1304974711,子不语 · 蝶蛛 · 第捌柒伍,2020-09-25,1144,1100,1100,845,44,0,0,11,44,513,511,340,851,851,3,mixed,simplified,26,170,160,2,25,3,6750292ffdd5d3dd8ef64edbdf62dc36c68cc25d0f70c7d8a64ffc08d46a072f,e07bd038925eaa33d1373fea1c6a97861c103110e2130f1361e8748c3733de62
da-author-etinjat-1c584251,Etinjat,da-work-1305053919,笔记：没有人是真正的西方勇者,2020-10-02,966,956,956,817,10,0,0,5,10,449,448,364,812,812,0,simplified,simplified,0,85,57,3,32,9,571d7825bc1ec71f8dd77495dc94bd8082f845f503b2817548a322a397ff8c08,571d7825bc1ec71f8dd77495dc94bd8082f845f503b2817548a322a397ff8c08
da-author-etinjat-1c584251,Etinjat,da-work-1305762934,异学子 · 西那王上 · 神御,2020-11-10,2493,2299,2299,1344,194,0,0,5,74,813,812,534,1346,1346,0,mixed,simplified,3,278,278,1,15,0,1df329ac195506a90346b74b42075afc276b336ccaf03e3f5b0cc5ab72f14485,3406e42570375e231afbb69a2e794eebaa532389550c984fa681bdd5fba8cbc8
da-author-etinjat-1c584251,Etinjat,da-work-1306161187,摇铃组诗 - 秋之章,2020-12-11,912,913,913,783,0,0,0,12,8,456,455,343,798,798,0,simplified,simplified,0,112,52,0,67,0,423c7f917910fb84327c3a4994ef3d54f1bde4ec4b8a17716b06597b888efd7d,423c7f917910fb84327c3a4994ef3d54f1bde4ec4b8a17716b06597b888efd7d
da-author-etinjat-1c584251,Etinjat,da-work-1306311171,异学零壹捌 感孕寄胎,2020-12-23,6156,5932,5932,4348,224,0,0,26,208,2576,2574,1740,4314,4314,4,mixed,simplified,4,832,822,1,68,8,709ac7a80731d97a8ef5c6f4f2385673741eeb0823fd02ef180b9f2fc1345afc,ca77290dd009689d6ecb1c6c45d9167d2555b1f0283618feb76fa367ccf8c2a5
da-author-etinjat-1c584251,Etinjat,da-work-1306318159,步虚列仙传续编：北极仙翁礼宝丈人,2020-12-24,1940,1711,1711,702,229,0,0,8,43,390,389,258,647,647,0,simplified,simplified,0,132,117,1,24,1,f2e6498d3cb1728099ba5a95a8bb245610f79f7324636981dd3855e095a62485,f2e6498d3cb1728099ba5a95a8bb245610f79f7324636981dd3855e095a62485
da-author-breaddddd-d9923f3d,breaddddd,da-work-1306372902,非官方中分mtf列表整理,2020-12-31,48162,47181,47181,15324,981,0,0,955,947,7907,7906,3973,11879,11879,0,mixed,simplified,89,3933,2980,3160,2792,61,0fd6f5f000d800575119fd8a79039c618eafe0315f592e20b15ffe83f3a579ed,7c822dcd5398f57ae73ae321317474b0a34b2366d6e1cf56b7074faed55e8ab5
da-author-agent-phage-bc08199e,Agent Phage,da-work-1306820190,除夕事变-第一部分：辞旧,2021-02-11,3791,3550,3550,3164,241,186,1,11,109,1854,1853,1572,3425,3425,0,simplified,simplified,0,281,274,5,54,0,7e42a4a0bd703c7cab1fceaff27d346fe391617abbd06b0ae6f608ec64868d6b,7e42a4a0bd703c7cab1fceaff27d346fe391617abbd06b0ae6f608ec64868d6b
da-author-agent-phage-bc08199e,Agent Phage,da-work-1306878731,除夕事变-第二部分：贺岁,2021-02-12,4936,4679,4679,3933,257,186,1,13,186,2343,2342,1908,4250,4250,0,simplified,simplified,0,434,427,9,96,0,7c62ef66ac6d18eb6e5540646e4b63acfee5790839cbc2621352093e14cfd737,7c62ef66ac6d18eb6e5540646e4b63acfee5790839cbc2621352093e14cfd737
da-author-agent-phage-bc08199e,Agent Phage,da-work-1306900999,除夕事变-第三部分：迎新,2021-02-14,4965,4867,4867,3938,98,55,1,10,189,2362,2361,1900,4261,4261,0,simplified,simplified,0,461,447,32,96,0,8902ae84c0a76b0a02a2e6a4b5bb0c774421ad61235dd655b48707b3b0485216,8902ae84c0a76b0a02a2e6a4b5bb0c774421ad61235dd655b48707b3b0485216
da-author-agent-phage-bc08199e,Agent Phage,da-work-1306901813,银杏生长,2021-02-14,3634,3413,3413,2888,221,186,1,6,123,1742,1741,1449,3190,3190,0,simplified,simplified,0,294,279,26,48,0,3035f2bd1d08472f655384692510dbc99074f9fe8089687f9897db91731c1f0d,3035f2bd1d08472f655384692510dbc99074f9fe8089687f9897db91731c1f0d
da-author-re-spectators-464e4708,Re_spectators,da-work-1306943399,混沌理论,2021-02-17,1647,1533,1533,764,114,0,0,22,36,423,422,295,717,717,0,mixed,simplified,12,128,90,52,80,9,caf2a4a86b8b7c61ff8426e3fc1be64418aa38c2a466f346314035b3cbc0c38c,ba8a9eedf5155812ae104a44795876997f1dfe3495609a8a9c5b5d92de84e68b
da-author-mscarlet-78b5e8fb,MScarlet,da-work-1306973577,假面,2021-02-21,5266,5039,5039,2737,227,0,0,29,70,1600,1599,1171,2770,2770,0,mixed,simplified,912,428,355,202,97,2,62617c69f677863fff30fd2a85fdbf4e9ea496d0b80d3694f88f2a8e0cf81e45,bb5a0fd61d7363ee53cb60a7354957035d9f233bd02fe4c0801217a389ed8688
da-author-breaddddd-d9923f3d,breaddddd,da-work-1306989753,SPC-CN-777,2021-02-24,1498,1497,1497,1218,1,0,0,2,34,698,697,564,1261,1261,0,simplified,simplified,0,133,132,13,16,0,e5bbfc709ba48c0202472315b69c526288855bc0df150ade5a9ca79e5ea634e6,e5bbfc709ba48c0202472315b69c526288855bc0df150ade5a9ca79e5ea634e6
da-author-etinjat-1c584251,Etinjat,da-work-1306990183,渺茫生建木,2021-02-24,325,321,321,251,4,0,0,2,3,149,148,102,250,250,0,mixed,simplified,1,46,30,5,19,0,686e869267a82fc2666d037d8e80b5acee869f36999a96c9a56ebcc15b1919c1,b1cd54c5667c28bc3469014d5ab3d3a1163a30ab3e0f76872814ca8d5e730d35
da-author-etinjat-1c584251,Etinjat,da-work-1307247841,茧房,2021-03-15,1247,1248,1248,985,0,0,0,2,23,571,570,475,1045,1045,0,simplified,simplified,0,96,90,19,13,2,95ce736a6cc653bab90520bf97ed33bc02c9b5f3fc3c4b50d62c14e3aa5906d9,95ce736a6cc653bab90520bf97ed33bc02c9b5f3fc3c4b50d62c14e3aa5906d9
da-author-re-spectators-464e4708,Re_spectators,da-work-1307368226,盐之子,2021-03-16,4231,3825,3825,2687,406,399,1,13,89,1544,1543,1274,2817,2817,0,simplified,simplified,0,270,226,92,44,28,4608a65308f0d845086e1ec2236129a8956587e493c372508712902e4053b94f,4608a65308f0d845086e1ec2236129a8956587e493c372508712902e4053b94f
da-author-etinjat-1c584251,Etinjat,da-work-1307465113,咸水歌·疍家仔,2021-03-18,317,318,318,264,0,0,0,1,1,198,197,143,340,340,0,simplified,simplified,0,54,19,0,35,0,3fe1b179d2d9bbf95394a56a7ecd46f64f6c109c1cbabfaab68512f070d6e22d,3fe1b179d2d9bbf95394a56a7ecd46f64f6c109c1cbabfaab68512f070d6e22d
da-author-agent-phage-bc08199e,Agent Phage,da-work-1308319039,时停的囚笼,2021-03-21,5895,2685,2685,2009,3210,3197,1,22,58,1146,1145,916,2061,2061,0,simplified,simplified,0,230,179,66,62,0,a20be2ca6b26b70f3465bf5846d26c1df4ab69499328c9c5a426ba011512ae00,a20be2ca6b26b70f3465bf5846d26c1df4ab69499328c9c5a426ba011512ae00
da-author-breaddddd-d9923f3d,breaddddd,da-work-1308413127,文语谈 第十三期：真理,2021-03-25,16312,15949,15949,12313,363,0,0,323,475,7594,7593,6146,13739,13739,0,simplified,simplified,0,1448,1265,262,446,10,6db7e917f21076c79629b72075f69cc8d75aa4e93729d3f535b256cc4994674a,6db7e917f21076c79629b72075f69cc8d75aa4e93729d3f535b256cc4994674a
da-author-breaddddd-d9923f3d,breaddddd,da-work-1308434499,小区守护神,2021-03-27,2524,2523,2523,1850,1,0,0,6,49,1037,1036,833,1869,1869,0,simplified,simplified,0,204,192,45,25,3,60d5cccd8858c7d40e9b4743a86928c0a6448a0810462e8b18f4998d5c2b8449,60d5cccd8858c7d40e9b4743a86928c0a6448a0810462e8b18f4998d5c2b8449
da-author-breaddddd-d9923f3d,breaddddd,da-work-1308434501,小美面具,2021-03-27,2622,2620,2620,1715,2,0,0,5,46,987,986,797,1783,1783,0,simplified,simplified,0,190,182,69,19,2,375600e5c0780db389c8fc5d9e2c0f5be076567c3217e907f1d9429150929fc3,375600e5c0780db389c8fc5d9e2c0f5be076567c3217e907f1d9429150929fc3
da-author-agent-phage-bc08199e,Agent Phage,da-work-1308475040,文语谈 第十五期：歌辞,2021-04-04,28476,27542,27542,20638,934,0,0,675,679,12689,12688,9871,22559,22559,0,simplified,simplified,0,2817,2372,472,1004,65,8ec6ad409c82772febddb34716277b95cdbbb456b06bbaaa04fe504ba18aa439,8ec6ad409c82772febddb34716277b95cdbbb456b06bbaaa04fe504ba18aa439
da-author-breaddddd-d9923f3d,breaddddd,da-work-1308482173,文语谈 第十六期：HD,2021-04-05,20759,20550,20550,17255,209,0,0,184,383,10428,10427,8612,19039,19039,0,simplified,simplified,0,1816,1695,186,251,4,0b97783c7814ac6d4637e866bbf3e1267fa27c5e63e0deebe097f1b76520c537,0b97783c7814ac6d4637e866bbf3e1267fa27c5e63e0deebe097f1b76520c537
da-author-mscarlet-78b5e8fb,MScarlet,da-work-1308568581,屬於偶像的戰場,2021-04-12,3383,3026,3026,2563,357,356,1,4,73,1522,1521,1241,2762,2762,0,traditional,simplified,705,280,278,3,54,5,49cc3f5a28eb2c2a485eb6518cef3dc5d9d6e436e1621471ea18d7461574c89c,a8c3bbb3e51b902faa70b21b366cfcd2819d59566e9a2c4321bdb7aa8ef71696
da-author-etinjat-1c584251,Etinjat,da-work-1308610057,破碎之诞,2021-04-15,2586,2148,2148,757,438,0,0,13,12,444,443,337,780,780,0,simplified,simplified,0,107,19,1,90,0,5b38f95ca0a3de15eda777be9b55123072bea67cdd5a93736689831cf19e57ac,5b38f95ca0a3de15eda777be9b55123072bea67cdd5a93736689831cf19e57ac
da-author-re-spectators-464e4708,Re_spectators,da-work-1310969119,梦见天堂,2021-05-05,1712,1710,1710,1094,2,0,0,5,37,635,634,514,1148,1148,0,simplified,simplified,8,120,106,56,26,0,60d3fcbe74575d6ace6f5f3fc5735bce1ce3d2ff93e34c4b935eeb6c05852290,80c80dafaf6d1df86c58c1d166f6eb83845fcfcf2ee447e0edbde99fb3cc4b1a
da-author-etinjat-1c584251,Etinjat,da-work-1310979032,未来星宿化劫谶,2021-05-05,1114,1102,1102,770,12,0,0,17,81,486,485,244,729,729,0,mixed,simplified,1,241,226,0,68,2,4e90dcd4bce1786107bb57d12d9002998ad41a54d6c4cf65eb3848c8d4c703fb,d7646377fbf5b1fda8b212b59566dc2643d8454f751710115c65ce95c64d4c33
da-author-breaddddd-d9923f3d,breaddddd,da-work-1311008924,发际线大作战,2021-05-09,2593,2584,2584,2063,9,0,0,16,71,1162,1161,891,2052,2052,0,simplified,simplified,0,271,253,29,54,0,e179c1f32a14c85178f40b71112f5ad8eee9276e5252b0d8c30eef28df6d1557,e179c1f32a14c85178f40b71112f5ad8eee9276e5252b0d8c30eef28df6d1557
da-author-breaddddd-d9923f3d,breaddddd,da-work-1311013939,文语谈 第十七期：花子,2021-05-10,14784,14563,14563,12150,221,0,0,190,454,7258,7257,5985,13242,13242,0,mixed,simplified,3,1273,1150,138,241,28,6dffc087d9b3df674f0779361800992f1fe6b23f91d54f17bdfdb8d8479a0024,bb33a6da5713d4dfb94c897cc77fc7e135e358add9325cc1ac839252df8ec4ea
da-author-etinjat-1c584251,Etinjat,da-work-1312031374,超形上学导论,2021-06-09,36751,36493,36493,28038,258,0,0,283,746,16599,16598,13109,29707,29707,0,simplified,simplified,0,3490,3139,547,794,18,30cc2b60a97356c5c6cf901b39143d8615cdbea28761a8e73aa373bede1593c2,30cc2b60a97356c5c6cf901b39143d8615cdbea28761a8e73aa373bede1593c2
da-author-re-spectators-464e4708,Re_spectators,da-work-1312042098,解密：SCP-CN-1353 - 地西泮仪式,2021-06-11,14017,14002,14002,10758,15,0,0,117,403,6327,6326,4977,11303,11303,0,mixed,simplified,1,1349,1312,185,240,92,f74b858db808d9aa5ea1fe9bf4f3fd3fcd3f85c0ba58ba0f90d73e20a982d1a6,2c6fa85dfaf2ba86fcc73ee9ba6c95cebe24aa003ad4927bcea4683b3cfd5e74
da-author-etinjat-1c584251,Etinjat,da-work-1312092619,在场证明,2021-06-15,1172,1161,1161,942,11,0,0,12,20,555,554,453,1007,1007,0,simplified,simplified,0,101,86,10,26,0,1701b6c69e80408cbd990586e3488d6dd9e6f85e8142decd0a0ff23cc4d337a0,1701b6c69e80408cbd990586e3488d6dd9e6f85e8142decd0a0ff23cc4d337a0
da-author-re-spectators-464e4708,Re_spectators,da-work-1312342920,文语谈 第十八期：道格,2021-07-12,20183,19921,19921,16671,262,0,0,225,387,10274,10273,8616,18889,18889,0,simplified,simplified,0,1657,1511,160,325,0,93fdcb6cc0717c1e6a3d917ddcb0e54e831feb2634c6f1dbba5a14a49222e30e,93fdcb6cc0717c1e6a3d917ddcb0e54e831feb2634c6f1dbba5a14a49222e30e
da-author-etinjat-1c584251,Etinjat,da-work-1312367742,戲題箱庭東洋百景·其一·率舞,2021-07-17,427,403,403,323,24,0,0,5,1,195,193,121,314,314,3,mixed,simplified,92,71,3,2,69,0,90db0ba5e8759b6a73f50d91dacec5779e8933f8d01ef5b39425bef6cdd34e3f,2ec5a2b39c54306558686d675dc02ecd74da0bec2948c09a34a80c3601c01f28
da-author-etinjat-1c584251,Etinjat,da-work-1312440942,逆模因：传播的“强噪音”,2021-07-27,6086,5998,5998,5016,88,0,0,59,128,2929,2928,2314,5242,5242,0,mixed,simplified,1,615,549,48,146,12,76d0b877adc1f06b3017aebf2cb3123d089accc07cd17de0e7f3556615fa9155,603a33ff0bf8ab3ea2bc9e9e93caf6714d7abc76ac29a4cdbf997e1a691defce
da-author-breaddddd-d9923f3d,breaddddd,da-work-1312533781,文语谈 第十九期：路人,2021-08-07,12593,12191,12191,9411,402,0,0,348,435,5848,5847,4743,10590,10590,0,simplified,simplified,0,1105,950,175,432,1,601ff2a00b0af29c5fc08a7b55754168347cdc732d6f3208fcca2edae1e09477,601ff2a00b0af29c5fc08a7b55754168347cdc732d6f3208fcca2edae1e09477
da-author-agent-phage-bc08199e,Agent Phage,da-work-1313624985,《SCP基金会：通用掩盖协议指南》,2021-08-14,24618,20965,20965,18947,3653,3632,1,14,411,10671,10670,9253,19923,19923,0,simplified,simplified,0,1417,1356,96,188,0,9c9ce374da521c87ed2bc1c0c735aff8d352f6c509b23c4f978dcd9c766d7b86,9c9ce374da521c87ed2bc1c0c735aff8d352f6c509b23c4f978dcd9c766d7b86
da-author-etinjat-1c584251,Etinjat,da-work-1324148511,《贡扎罗王》节选：三只乌鸦,2021-09-24,485,483,483,435,2,0,0,2,1,273,272,225,497,497,0,mixed,simplified,1,47,10,0,37,0,d561a3e0207d973083682f7175af24cb1a22c01a7c2f044faca056192beb1416,f24e00f760befb4590aa0b30631e0e77ad94d97acec02be1fc5863b7c82f8499
da-author-agent-phage-bc08199e,Agent Phage,da-work-1324311781,が-D-0191“第二心脏”贩卖信息,2021-10-04,3483,3446,3446,2861,37,0,0,33,94,1625,1624,1340,2964,2964,0,simplified,simplified,0,284,255,28,75,19,1ade15ad47c69997db22d427373c32376d9d54e5ab7c389e632cc73f14d8c80b,1ade15ad47c69997db22d427373c32376d9d54e5ab7c389e632cc73f14d8c80b
da-author-agent-phage-bc08199e,Agent Phage,da-work-1329988705,化烟,2021-11-11,1736,1674,1674,1192,62,61,1,4,47,709,708,556,1264,1264,0,simplified,simplified,0,153,146,32,26,2,14261fe96aeac22656824f8a2f84ab3cc621ab1417290aaf569264c8ca116f35,14261fe96aeac22656824f8a2f84ab3cc621ab1417290aaf569264c8ca116f35
da-author-etinjat-1c584251,Etinjat,da-work-1330042257,破碎公教之基西拉信经,2021-11-13,8339,7909,7909,5200,430,0,0,36,169,3071,3070,2396,5466,5466,0,simplified,simplified,0,676,656,81,119,40,731aab1a75757322085f99f65679b22b2b5eb68ac975fa658b6ae32c44c34097,731aab1a75757322085f99f65679b22b2b5eb68ac975fa658b6ae32c44c34097
da-author-breaddddd-d9923f3d,breaddddd,da-work-1330077047,《朝颜文学报特刊》：易碎的少女青涩之梦——三明治社动画赏析与杂谈,2021-11-16,18544,18453,18453,16151,91,0,0,48,386,9276,9275,7710,16985,16985,0,simplified,simplified,0,1566,1461,131,196,0,49b2eff612c53d809f3bec0dcca0d6e9556439d75c39dfbca28c5876359b8db7,49b2eff612c53d809f3bec0dcca0d6e9556439d75c39dfbca28c5876359b8db7
da-author-etinjat-1c584251,Etinjat,da-work-1331014733,你们为什么不信那些迹象呢？,2021-12-17,949,939,939,539,10,0,0,13,14,311,310,222,532,532,0,simplified,simplified,0,89,59,29,62,8,c83ff56222989735c48a57336033190ef479c7d87e7d94d343d82e4c9cdddbd6,c83ff56222989735c48a57336033190ef479c7d87e7d94d343d82e4c9cdddbd6
da-author-etinjat-1c584251,Etinjat,da-work-1331158659,愚者史诗：俄耳甫斯之死,2021-12-22,2733,2733,2733,2385,0,0,0,10,9,1447,1446,1126,2572,2572,0,mixed,simplified,1,321,76,2,254,1,d7fca3125c88f04ca2f2dd556b3f8110475a38c00bb9fff0b849f07047456022,091707d02789261c3c22bd2990e7bce8e712ddb712516c551262ceb9a5bce738
da-author-etinjat-1c584251,Etinjat,da-work-1331206445,箱根町奇蹄病大屠杀事件始末,2021-12-28,7071,7016,7016,5904,55,0,0,31,151,3325,3324,2667,5991,5991,0,simplified,simplified,0,657,586,57,131,7,ee170349b0631b6b82fe8c66b96f838f56952161b6b39377781427b793c37a20,ee170349b0631b6b82fe8c66b96f838f56952161b6b39377781427b793c37a20
