author_id,author_name,work_id,page_title,creation_date,raw_character_count,cleaned_character_count,han_character_count,removed_character_count,paragraph_count,sentence_count,segmented_token_count,short_interaction_count,multi_interaction_count,full_pinyin_success_count,initial_pinyin_success_count,alignment_failure_count,script_distribution
da-author-mscarlet-78b5e8fb,MScarlet,da-work-21694963,如何做出好吃的年糕，還有吃年糕之後有什麼效果,2014-03-10,1624,1625,1408,0,1,50,1069,885,737,1622,1622,0,traditional
da-author-mscarlet-78b5e8fb,MScarlet,da-work-22434446,2014年的新春之時,2014-05-30,4937,4938,3546,0,9,181,3105,2245,1738,3983,3983,0,mixed
da-author-mscarlet-78b5e8fb,MScarlet,da-work-23504963,讚美鸚鵡螺！,2014-08-31,2920,2921,2165,0,5,72,1779,1343,1106,2449,2449,0,traditional
da-author-mscarlet-78b5e8fb,MScarlet,da-work-23505019,剎那之旅,2014-08-31,5953,5954,4654,0,9,148,3734,2925,2408,5333,5333,0,traditional
da-author-mscarlet-78b5e8fb,MScarlet,da-work-26453694,英雄記：「幸運的」凡琴,2015-07-13,5721,5720,4847,1,7,147,3690,2961,2461,5422,5422,0,traditional
da-author-mscarlet-78b5e8fb,MScarlet,da-work-27418987,真正的遺產,2015-09-07,10780,10781,8025,0,12,317,6656,4957,4006,8963,8963,0,mixed
da-author-mscarlet-78b5e8fb,MScarlet,da-work-43951662,醜響,2016-05-15,2538,2537,2110,1,7,76,1676,1303,1074,2377,2377,0,traditional
da-author-mscarlet-78b5e8fb,MScarlet,da-work-44056026,斯卡麗的完美玩梗教室,2016-05-23,4058,4057,3295,1,9,98,2644,2073,1718,3791,3791,0,mixed
da-author-mscarlet-78b5e8fb,MScarlet,da-work-44199244,碎命眼鏡,2016-06-04,4494,4316,3147,178,25,71,2589,1798,1444,3242,3242,0,mixed
da-author-mscarlet-78b5e8fb,MScarlet,da-work-44881272,湖中劍協議,2016-08-04,2387,2383,1609,4,6,46,1452,938,762,1700,1700,0,traditional
da-author-mscarlet-78b5e8fb,MScarlet,da-work-45055458,消逝的書中重生的數碼音樂奇幻,2016-08-17,4539,4538,2836,1,6,77,2685,1673,1344,3017,3017,0,traditional
da-author-mscarlet-78b5e8fb,MScarlet,da-work-47000857,孩子氣的戰爭,2017-01-22,2793,2788,2164,5,15,109,1870,1302,1024,2326,2326,0,traditional
da-author-mscarlet-78b5e8fb,MScarlet,da-work-47235212,說個故事吧,2017-02-03,7720,7721,6769,0,6,223,5112,4290,3625,7915,7915,0,traditional
da-author-mscarlet-78b5e8fb,MScarlet,da-work-47380043,告別樂土,2017-02-11,900,898,764,2,3,31,611,476,388,864,864,0,traditional
da-author-mscarlet-78b5e8fb,MScarlet,da-work-48595485,《展翅高飛》,2017-04-11,4180,4162,3213,18,18,95,2580,1907,1586,3493,3493,0,mixed
da-author-mscarlet-78b5e8fb,MScarlet,da-work-49032590,翻譯不只是塊蛋糕,2017-04-23,3895,3893,2780,2,23,90,2385,1718,1402,3120,3120,0,mixed
da-author-agent-phage-bc08199e,Agent Phage,da-work-52130700,禁止访问,2017-07-16,9643,8973,4252,670,33,166,4810,2342,1825,4167,4167,0,mixed
da-author-agent-phage-bc08199e,Agent Phage,da-work-52720697,在你读到这里时，我已经达到我的目标了,2017-08-04,3940,3799,3182,141,32,143,2483,1901,1523,3424,3424,0,simplified
da-author-qblevi-494cde49,QBLevi,da-work-52911297,在你读到这里时，我已经退场了,2017-08-08,519,520,442,0,3,30,342,263,210,473,473,0,simplified
da-author-agent-phage-bc08199e,Agent Phage,da-work-53039189,人民管理制度,2017-08-11,2669,2656,1742,13,8,62,1586,1000,808,1808,1808,0,simplified
da-author-agent-phage-bc08199e,Agent Phage,da-work-53132605,召回,2017-08-13,1301,1160,968,141,7,49,775,595,472,1067,1067,0,simplified
da-author-agent-phage-bc08199e,Agent Phage,da-work-53171803,唯一,2017-08-14,1852,1714,1421,138,5,56,1052,847,699,1546,1546,0,simplified
da-author-agent-phage-bc08199e,Agent Phage,da-work-53239187,未铭记，何谈淡忘,2017-08-15,2220,2073,1671,147,11,98,1347,1030,818,1848,1848,0,simplified
da-author-qblevi-494cde49,QBLevi,da-work-53608900,编年史正本,2017-08-23,2555,2550,1818,5,11,79,1521,1028,772,1800,1800,0,simplified
da-author-qblevi-494cde49,QBLevi,da-work-53806893,天籁,2017-08-27,996,997,742,0,5,29,602,414,327,741,741,0,simplified
da-author-qblevi-494cde49,QBLevi,da-work-53908309,双雄会,2017-08-30,658,659,460,0,1,37,456,283,210,493,493,0,simplified
da-author-qblevi-494cde49,QBLevi,da-work-54073089,人类，已收容,2017-09-05,774,775,630,0,1,40,515,375,290,665,665,0,simplified
da-author-qblevi-494cde49,QBLevi,da-work-54321791,种太阳,2017-09-12,1677,1668,1301,9,8,45,1024,718,548,1266,1266,0,simplified
da-author-qblevi-494cde49,QBLevi,da-work-54366269,三倍的喵喵喵,2017-09-13,797,796,579,1,4,18,483,325,262,587,587,0,simplified
da-author-qblevi-494cde49,QBLevi,da-work-54403335,4K序曲：梦魇摄政红行动,2017-09-14,1241,1242,1000,0,5,50,797,586,474,1060,1060,0,simplified
da-author-qblevi-494cde49,QBLevi,da-work-54524464,骑虎难下,2017-09-18,1785,1773,1425,12,14,56,1080,803,652,1455,1455,0,simplified
da-author-qblevi-494cde49,QBLevi,da-work-54597850,4K序曲：从今往后，直到永远,2017-09-20,902,873,718,29,1,34,549,417,345,762,762,0,simplified
da-author-agent-phage-bc08199e,Agent Phage,da-work-55905675,摧毁糖果屋,2017-10-22,4552,4409,3316,143,19,192,2914,2056,1573,3629,3629,0,simplified
da-author-qblevi-494cde49,QBLevi,da-work-56213413,天下大吉,2017-10-30,1491,1492,1189,0,5,70,994,690,498,1188,1188,0,simplified
da-author-qblevi-494cde49,QBLevi,da-work-56675203,无照经营专项整治行动,2017-11-10,1485,1485,1119,0,5,74,962,649,500,1149,1149,0,simplified
da-author-qblevi-494cde49,QBLevi,da-work-56889366,主教之死,2017-11-17,1433,1431,990,2,8,64,973,602,473,1075,1075,0,simplified
da-author-qblevi-494cde49,QBLevi,da-work-57115674,咕咚来了,2017-11-24,1705,1706,1372,0,2,73,1069,776,604,1380,1380,0,simplified
da-author-qblevi-494cde49,QBLevi,da-work-57678755,人类，收容失效,2017-12-12,2066,2067,1720,0,2,99,1312,991,789,1780,1780,0,simplified
da-author-qblevi-494cde49,QBLevi,da-work-58196932,大鲧陵,2017-12-25,3684,3668,2788,16,20,107,2210,1537,1183,2720,2720,0,simplified
da-author-qblevi-494cde49,QBLevi,da-work-59516832,流浪地球,2018-01-01,1624,1624,1309,0,9,63,1077,784,621,1405,1405,0,simplified
da-author-qblevi-494cde49,QBLevi,da-work-64454665,资本论,2018-01-27,2147,2148,1721,0,1,83,1355,991,791,1782,1782,0,simplified
da-author-breaddddd-d9923f3d,breaddddd,da-work-65174448,过度包装,2018-02-09,3338,3325,2152,13,22,75,2039,1255,951,2206,2206,0,simplified
da-author-mscarlet-78b5e8fb,MScarlet,da-work-65207530,隨筆：關於Site-██對於SCP-008的研究與「復生計劃」,2018-02-10,5495,5462,4112,33,17,114,3429,2552,2083,4635,4635,0,traditional
da-author-agent-phage-bc08199e,Agent Phage,da-work-65220238,地球美食售货机,2018-02-10,1666,1654,1004,12,8,40,979,563,424,987,987,0,simplified
da-author-qblevi-494cde49,QBLevi,da-work-65317650,好评,2018-02-13,1013,1014,873,0,3,46,635,500,406,906,906,0,simplified
da-author-qblevi-494cde49,QBLevi,da-work-65455858,除夕夜大作战,2018-02-15,1515,1516,1240,0,3,80,996,735,584,1319,1319,0,simplified
da-author-breaddddd-d9923f3d,breaddddd,da-work-65465527,图表症,2018-02-15,120,113,45,7,9,1,72,23,13,36,36,0,simplified
da-author-agent-phage-bc08199e,Agent Phage,da-work-65472396,逝水的风沙,2018-02-15,2726,2587,2247,139,16,112,1676,1350,1091,2441,2441,0,simplified
da-author-agent-phage-bc08199e,Agent Phage,da-work-65588644,沉的思念重的忆,2018-02-19,2950,2799,1513,151,19,56,1655,862,633,1495,1495,0,simplified
da-author-breaddddd-d9923f3d,breaddddd,da-work-65742004,回忆沙漠,2018-02-21,4758,4739,2831,19,25,119,2975,1644,1222,2866,2866,0,simplified
da-author-re-spectators-464e4708,Re_spectators,da-work-66105575,扩散性缸中之脑,2018-02-28,1720,1655,1042,65,13,33,1031,600,494,1094,1094,0,simplified
da-author-qblevi-494cde49,QBLevi,da-work-66142500,崇祯秘史,2018-03-01,3051,3052,2571,0,3,128,1952,1472,1126,2598,2598,0,simplified
da-author-re-spectators-464e4708,Re_spectators,da-work-66381882,五角场,2018-03-04,1879,1870,1225,9,13,46,1174,730,558,1288,1288,0,simplified
da-author-re-spectators-464e4708,Re_spectators,da-work-66450039,破碎的创世纪,2018-03-05,3655,3656,3098,0,2,158,2376,1858,1518,3376,3376,0,simplified
da-author-re-spectators-464e4708,Re_spectators,da-work-66896600,Site-CN-13,2018-03-10,4113,4081,2688,32,52,122,2499,1599,1274,2873,2873,0,simplified
da-author-breaddddd-d9923f3d,breaddddd,da-work-66936351,烘焙交响乐,2018-03-11,4874,4854,2924,20,20,144,2941,1681,1271,2952,2952,0,simplified
da-author-re-spectators-464e4708,Re_spectators,da-work-66984978,SCP-CN-991,2018-03-12,11188,11185,5900,3,97,220,7274,3315,2632,5947,5947,0,simplified
da-author-re-spectators-464e4708,Re_spectators,da-work-66985017,1999,2018-03-12,2537,2348,1245,189,8,42,1272,728,592,1320,1320,0,simplified
da-author-qblevi-494cde49,QBLevi,da-work-67086107,叄肆奇妙冒险第①话,2018-03-15,2309,2308,1872,1,3,94,1474,1092,868,1960,1960,0,simplified
da-author-qblevi-494cde49,QBLevi,da-work-67086295,叄肆奇妙冒险第②话,2018-03-15,5336,5335,4415,1,4,184,3423,2710,2257,4967,4967,0,simplified
da-author-agent-phage-bc08199e,Agent Phage,da-work-67619757,春眠不觉晓,2018-03-25,4589,4451,3737,138,16,165,2886,2247,1835,4082,4082,0,simplified
da-author-mscarlet-78b5e8fb,MScarlet,da-work-67697906,四方桌仙,2018-03-25,7697,7686,4886,11,32,203,5220,3092,2460,5552,5552,0,mixed
da-author-breaddddd-d9923f3d,breaddddd,da-work-67753651,游戏机场,2018-03-26,5454,5451,3818,3,34,176,3411,2199,1739,3938,3938,0,simplified
da-author-qblevi-494cde49,QBLevi,da-work-69986265,乌有星,2018-04-01,5781,5781,4568,0,7,219,3457,2600,2097,4697,4697,0,simplified
da-author-qblevi-494cde49,QBLevi,da-work-69996711,DLC,2018-04-01,260,259,180,1,2,6,156,101,77,178,178,0,simplified
da-author-mscarlet-78b5e8fb,MScarlet,da-work-71697680,寂靜的音樂,2018-04-10,4188,4134,2901,54,16,76,2528,1747,1435,3182,3182,0,traditional
da-author-breaddddd-d9923f3d,breaddddd,da-work-72587967,美颜相机,2018-04-14,1911,1895,1332,16,23,37,1164,755,603,1358,1358,0,simplified
da-author-agent-phage-bc08199e,Agent Phage,da-work-72726577,液态现实稳定锚,2018-04-15,5816,5753,4341,63,43,133,3473,2495,2071,4566,4566,0,simplified
da-author-agent-phage-bc08199e,Agent Phage,da-work-75311756,石化，墙中，混凝土,2018-05-06,4216,4004,2580,212,53,90,2658,1442,1103,2545,2545,0,simplified
da-author-qblevi-494cde49,QBLevi,da-work-75381557,笑脸太阳,2018-05-07,3232,3226,2446,6,27,97,1917,1351,1033,2384,2384,0,simplified
da-author-breaddddd-d9923f3d,breaddddd,da-work-75495595,旁白,2018-05-07,4906,4843,3227,63,33,158,3165,1996,1562,3558,3558,0,simplified
da-author-agent-phage-bc08199e,Agent Phage,da-work-77150018,面条虫,2018-05-12,1766,1628,1230,138,5,37,974,709,582,1291,1291,0,simplified
da-author-agent-phage-bc08199e,Agent Phage,da-work-77194250,公款旅游：周末购物,2018-05-13,4027,3885,3243,142,24,153,2597,1989,1623,3612,3612,0,simplified
da-author-breaddddd-d9923f3d,breaddddd,da-work-78844309,二合一说明书,2018-05-18,3228,3219,2389,9,12,77,1978,1339,1031,2370,2370,0,simplified
da-author-qblevi-494cde49,QBLevi,da-work-81308913,李维之死,2018-05-26,2748,2749,2233,0,4,129,1767,1311,1025,2336,2336,0,simplified
da-author-breaddddd-d9923f3d,breaddddd,da-work-81594691,黑暗料理餐厅,2018-05-27,3818,3791,2463,27,38,78,2320,1409,1060,2469,2469,0,simplified
da-author-etinjat-1c584251,Etinjat,da-work-86845638,异学零壹贰 律召调阳,2018-06-15,13091,12855,7982,236,126,421,9107,4665,2866,7531,7531,0,mixed
da-author-qblevi-494cde49,QBLevi,da-work-87676565,叄肆奇妙冒险第③话,2018-06-20,4036,4033,2986,3,12,161,2655,1823,1449,3272,3272,0,simplified
da-author-breaddddd-d9923f3d,breaddddd,da-work-89089899,鸡腿堡,2018-06-24,8161,8122,4844,39,42,253,5096,2797,2094,4891,4891,0,simplified
da-author-agent-phage-bc08199e,Agent Phage,da-work-90739777,恒星风中如惊鸿掠过，诀别不须骊歌,2018-06-30,4521,4432,3586,89,38,162,2945,2193,1732,3925,3925,0,simplified
da-author-mscarlet-78b5e8fb,MScarlet,da-work-91848682,學生檔案—S11013387,2018-07-05,8683,8471,5719,212,136,180,5212,3386,2623,6009,6009,0,mixed
da-author-breaddddd-d9923f3d,breaddddd,da-work-95136464,小小世界,2018-07-25,17974,17793,13183,181,171,534,10958,7654,5748,13402,13402,0,simplified
da-author-mscarlet-78b5e8fb,MScarlet,da-work-96021240,立國之本,2018-07-28,3315,3309,2790,6,13,92,2077,1687,1411,3098,3098,0,traditional
da-author-agent-phage-bc08199e,Agent Phage,da-work-96065592,批准改造精神/生理影响性集群意识蠕虫以帮助阻断博拉德综合症患者与外界联系的申请,2018-07-29,4047,3896,3409,151,14,95,2274,1852,1590,3442,3442,0,simplified
da-author-qblevi-494cde49,QBLevi,da-work-96998778,苍穹之上,2018-08-02,530,502,381,28,4,13,308,217,163,380,380,0,simplified
da-author-qblevi-494cde49,QBLevi,da-work-97026417,反恐24小时,2018-08-02,7333,7334,5452,0,9,382,4538,3226,2512,5738,5738,0,simplified
da-author-mscarlet-78b5e8fb,MScarlet,da-work-97195798,熔合收容站點：Site-36,2018-08-03,15876,15735,11445,141,197,324,9727,7051,5666,12717,12717,0,mixed
da-author-etinjat-1c584251,Etinjat,da-work-99731126,万里河山沉旧画 百年风雨醉新觞,2018-08-10,7929,7476,4067,453,42,288,4714,2357,1505,3862,3862,0,mixed
da-author-etinjat-1c584251,Etinjat,da-work-102674405,诗钞——乐土长歌行,2018-08-18,2412,2312,1526,100,57,80,1504,897,646,1543,1543,0,simplified
da-author-qblevi-494cde49,QBLevi,da-work-103791839,基金会内参（2018年8月刊）,2018-08-22,682,676,482,6,7,12,404,256,202,458,458,0,simplified
da-author-agent-phage-bc08199e,Agent Phage,da-work-104815943,抱着蟑螂睡一觉,2018-08-25,1491,1475,1036,16,8,33,904,624,491,1115,1115,0,simplified
da-author-agent-phage-bc08199e,Agent Phage,da-work-106634300,虚渊矽宇鲸,2018-09-04,4141,4104,2580,37,18,71,2398,1441,1111,2552,2552,0,simplified
da-author-agent-phage-bc08199e,Agent Phage,da-work-107297856,再非静滞时空,2018-09-16,5484,5343,3221,141,80,107,3130,1838,1399,3237,3237,0,simplified
da-author-qblevi-494cde49,QBLevi,da-work-107329691,凌晨星,2018-09-18,3756,3744,2926,12,14,167,2356,1711,1358,3069,3069,0,simplified
da-author-qblevi-494cde49,QBLevi,da-work-107823928,叄肆奇妙冒险最终话,2018-09-27,2688,2686,1948,2,11,114,1624,1140,887,2027,2027,0,simplified
da-author-etinjat-1c584251,Etinjat,da-work-108601495,净莲宝卷——花开福地劝民序歌,2018-10-01,480,446,353,34,24,4,283,190,129,319,319,0,simplified
da-author-etinjat-1c584251,Etinjat,da-work-117860200,国风——下民,2018-10-06,1737,1680,1053,57,40,62,1283,690,370,1060,1060,0,simplified
da-author-agent-phage-bc08199e,Agent Phage,da-work-120861372,‘起源弹’(T3Y44/ML520/SH28J),2018-10-07,4595,4504,3220,91,75,96,2618,1817,1510,3327,3327,0,simplified
da-author-agent-phage-bc08199e,Agent Phage,da-work-171135627,LTE-1969-Blaecca-Ford-Osmanthus-Spiral,2018-10-17,6025,5943,4597,82,46,136,3511,2558,2069,4627,4627,0,simplified
da-author-etinjat-1c584251,Etinjat,da-work-283577088,Gp快递：Phy-Ele-T169534964，dado买了个吉安帕,2018-10-30,6548,5615,1389,933,94,86,2779,780,551,1331,1331,0,simplified
da-author-breaddddd-d9923f3d,breaddddd,da-work-298824867,幻想遗物,2018-10-31,964,959,651,5,5,23,572,378,296,674,674,0,simplified
da-author-etinjat-1c584251,Etinjat,da-work-323030459,国风——河水,2018-11-09,6275,6123,3389,152,233,250,4770,2270,1075,3345,3345,0,mixed
da-author-etinjat-1c584251,Etinjat,da-work-365486957,原颂——太初，又称，无上至真纯灵造物煮飞天面条创世雅歌,2018-11-19,2674,2596,1995,78,27,64,1666,1219,943,2162,2162,0,simplified
da-author-mscarlet-78b5e8fb,MScarlet,da-work-378309033,當魔法與奇術交織之時,2018-11-23,26188,25891,18820,297,127,498,15337,10987,8915,19902,19902,0,mixed
da-author-agent-phage-bc08199e,Agent Phage,da-work-383975978,一切终将逝去,2018-11-26,64408,63805,43900,603,211,2058,37584,26083,21020,47103,47103,0,simplified
da-author-mscarlet-78b5e8fb,MScarlet,da-work-428735946,Gp快递：Un-Che-B9942420，鳳凰族的創世學/化學教材,2018-12-08,8886,8005,3137,881,63,183,4259,1843,1395,3238,3238,0,mixed
da-author-agent-phage-bc08199e,Agent Phage,da-work-437477013,深海珊瑚梦,2018-12-09,6720,5919,1718,801,23,105,2930,990,793,1783,1783,0,simplified
da-author-breaddddd-d9923f3d,breaddddd,da-work-437478981,急行电车,2018-12-09,3404,3394,2210,10,11,78,2034,1263,986,2249,2249,0,simplified
da-author-qblevi-494cde49,QBLevi,da-work-440694002,万世创伤,2018-12-10,616,588,425,28,2,15,327,233,177,410,410,0,simplified
da-author-qblevi-494cde49,QBLevi,da-work-486740375,绝望终局,2018-12-19,5025,5026,3871,0,9,234,3040,2190,1689,3879,3879,0,simplified
da-author-etinjat-1c584251,Etinjat,da-work-509161993,诗钞——玄牝,2019-01-01,2879,2830,1951,49,104,121,1994,1155,736,1891,1891,0,mixed
da-author-breaddddd-d9923f3d,breaddddd,da-work-527681322,狡兔三窟,2019-01-06,5785,5771,3505,14,15,173,3425,1982,1518,3500,3500,0,simplified
da-author-mscarlet-78b5e8fb,MScarlet,da-work-527868251,仙畫幻界，彼世遺民,2019-01-06,17720,17597,11687,123,49,396,11102,7343,5940,13283,13283,0,mixed
da-author-etinjat-1c584251,Etinjat,da-work-594525495,绽放在废墟上的鲜花,2019-01-26,2161,2145,1795,16,13,59,1351,1032,819,1851,1851,0,simplified
da-author-etinjat-1c584251,Etinjat,da-work-596381436,国风——日薄,2019-01-29,493,462,257,31,20,8,360,163,83,246,246,0,mixed
da-author-agent-phage-bc08199e,Agent Phage,da-work-598141989,可否当上次遇见只是一场彩排,2019-02-01,3000,2977,2504,23,13,113,1947,1522,1257,2779,2779,0,simplified
da-author-breaddddd-d9923f3d,breaddddd,da-work-598334976,物遗想幻,2019-02-10,5333,5311,3393,22,20,148,3274,1960,1469,3429,3429,0,simplified
da-author-breaddddd-d9923f3d,breaddddd,da-work-598353484,回忆相机,2019-02-11,4458,4449,2906,9,8,124,2708,1756,1364,3120,3120,0,simplified
da-author-mscarlet-78b5e8fb,MScarlet,da-work-606122515,4k序曲：基金會幻時代,2019-02-19,4250,4080,3488,170,18,103,2606,2132,1782,3914,3914,0,mixed
da-author-breaddddd-d9923f3d,breaddddd,da-work-624209317,耳机派对,2019-03-05,1131,1132,834,0,1,27,668,480,401,881,881,0,simplified
da-author-etinjat-1c584251,Etinjat,da-work-637581301,曲音——长亭四叠,2019-03-11,251,252,206,0,1,1,163,116,70,186,186,0,simplified
da-author-breaddddd-d9923f3d,breaddddd,da-work-638312903,化茧,2019-03-12,987,987,723,0,3,27,602,424,330,754,754,0,simplified
da-author-etinjat-1c584251,Etinjat,da-work-638790543,步虚列仙传——西方行者金公录,2019-03-13,979,974,788,5,3,42,628,442,288,730,730,0,simplified
da-author-etinjat-1c584251,Etinjat,da-work-639376584,疑心生暗鬼,2019-03-16,2566,2437,1900,129,16,44,1490,1082,862,1944,1944,0,simplified
da-author-etinjat-1c584251,Etinjat,da-work-674765138,游记——清明岿阳行,2019-04-05,1623,1622,1269,1,4,115,1053,700,422,1122,1122,0,simplified
da-author-etinjat-1c584251,Etinjat,da-work-680226663,笔记：没有人知道这家伙,2019-04-09,984,958,690,26,4,17,646,422,332,754,754,0,simplified
da-author-breaddddd-d9923f3d,breaddddd,da-work-693864879,蝴蝶的白日梦,2019-04-13,2048,2046,1304,2,5,41,1217,755,597,1352,1352,0,simplified
da-author-breaddddd-d9923f3d,breaddddd,da-work-706086481,缓行电车,2019-04-15,11809,11738,9304,71,64,591,7633,5626,4399,10025,10025,0,simplified
da-author-etinjat-1c584251,Etinjat,da-work-759001519,UIU档案：1996-005,2019-04-27,74,69,58,5,3,3,45,33,26,59,59,0,simplified
da-author-etinjat-1c584251,Etinjat,da-work-763105006,架起桥梁，让世界骨肉相连,2019-05-01,1785,1782,1132,3,4,22,1093,645,485,1130,1130,0,simplified
da-author-breaddddd-d9923f3d,breaddddd,da-work-783917970,“反转生死”竞赛访谈,2019-05-05,15570,15515,12946,55,60,310,9883,7787,6402,14189,14189,0,mixed
da-author-etinjat-1c584251,Etinjat,da-work-789981763,楚辞——云梦仙,2019-05-09,12545,12355,8022,190,224,582,8829,4900,3189,8089,8089,1,mixed
da-author-breaddddd-d9923f3d,breaddddd,da-work-790242651,文语谈 第一期：酸奶,2019-05-12,5839,5669,4422,170,145,134,3613,2703,2176,4879,4879,0,simplified
da-author-breaddddd-d9923f3d,breaddddd,da-work-790456839,天下没有不散的筵席,2019-05-13,3260,3239,2136,21,21,73,1948,1281,975,2256,2256,0,simplified
da-author-etinjat-1c584251,Etinjat,da-work-799620866,异学贰玖玖 巫山神女,2019-05-18,6978,6632,4178,346,56,249,4218,2408,1528,3936,3936,0,simplified
da-author-mscarlet-78b5e8fb,MScarlet,da-work-801885584,免 費 Wi-fi 隨 處 用,2019-05-30,10069,9772,4816,297,177,134,5782,2947,2338,5285,5285,0,mixed
da-author-breaddddd-d9923f3d,breaddddd,da-work-802230065,文语谈 第三期：WA,2019-06-02,10110,9882,7965,228,186,281,6255,4761,3873,8634,8634,0,simplified
da-author-etinjat-1c584251,Etinjat,da-work-802283032,三坟崖书 · 人才卷 · 无囿,2019-06-08,6157,6134,5144,23,6,246,4116,3125,2310,5435,5435,0,mixed
da-author-etinjat-1c584251,Etinjat,da-work-806659345,香城开发票，兼代办证、代购产品、代写论文,2019-06-15,2444,2362,1988,82,2,40,1453,1127,892,2019,2019,0,simplified
da-author-breaddddd-d9923f3d,breaddddd,da-work-814110819,星空便利店,2019-06-20,2201,2172,1547,29,30,46,1295,871,673,1544,1544,0,simplified
da-author-etinjat-1c584251,Etinjat,da-work-815414847,外典：衔花之蛇,2019-06-21,2141,2141,1750,0,3,67,1447,1078,885,1963,1963,0,simplified
da-author-agent-phage-bc08199e,Agent Phage,da-work-817623443,世末积雨云,2019-06-21,5753,5676,4359,77,28,123,3242,2417,1993,4410,4410,0,simplified
da-author-breaddddd-d9923f3d,breaddddd,da-work-822917699,文语谈 第五期：斯卡,2019-06-24,9269,9062,6900,207,176,120,5802,4276,3469,7745,7745,0,mixed
da-author-etinjat-1c584251,Etinjat,da-work-822940210,LTE-4444-Bosch-ExMachina-Goodrick-Spiral,2019-06-25,8804,7516,4409,1288,137,136,4496,2507,1931,4438,4438,0,simplified
da-author-agent-phage-bc08199e,Agent Phage,da-work-834731206,忘却的旋律,2019-07-05,31495,30559,22646,936,107,1096,18831,13812,11356,25168,25168,0,simplified
da-author-etinjat-1c584251,Etinjat,da-work-835219410,爪爪逸闻：Inukai 和 Tekisasu ！,2019-07-07,3563,3526,2653,37,12,95,2169,1665,1350,3015,3015,0,simplified
da-author-breaddddd-d9923f3d,breaddddd,da-work-846459613,盒子快递,2019-07-16,2753,2750,2032,3,7,59,1656,1171,924,2095,2095,0,simplified
da-author-etinjat-1c584251,Etinjat,da-work-846940595,何曾歌日下？幻梦坠幽冥,2019-07-24,5174,5124,4531,50,4,148,3280,2727,2248,4975,4975,0,simplified
da-author-breaddddd-d9923f3d,breaddddd,da-work-847205462,第二卷，世界77，节选：千城之城,2019-07-27,3824,3804,3423,20,10,148,2462,2081,1736,3817,3817,0,simplified
da-author-agent-phage-bc08199e,Agent Phage,da-work-850079576,KTE-1357-Smitty,2019-07-31,5693,5530,4084,163,30,120,3130,2331,1933,4264,4264,0,simplified
da-author-agent-phage-bc08199e,Agent Phage,da-work-852946049,LTE-8118-Moro,2019-08-03,6755,6671,5508,84,47,168,3869,3047,2543,5590,5590,0,simplified
da-author-qblevi-494cde49,QBLevi,da-work-854836245,重返流浪地球,2019-08-10,1883,1884,1531,0,22,100,1165,877,704,1581,1581,0,simplified
da-author-agent-phage-bc08199e,Agent Phage,da-work-855597840,第十二号迷宫的捐赠品,2019-08-12,2796,2778,2520,18,8,76,1663,1421,1232,2653,2653,0,simplified
da-author-agent-phage-bc08199e,Agent Phage,da-work-857753354,不飞的纸飞机,2019-08-14,1726,1588,1202,138,5,42,920,681,566,1247,1247,0,simplified
da-author-breaddddd-d9923f3d,breaddddd,da-work-858222222,项目计划书 2024-336至339：“所以你想创作一份有关动物保护的作品”,2019-08-15,820,782,675,38,8,24,489,392,329,721,721,0,simplified
da-author-etinjat-1c584251,Etinjat,da-work-858288847,无人更唱风中曲,2019-08-17,1324,1323,1149,1,7,5,857,691,559,1250,1250,0,simplified
da-author-etinjat-1c584251,Etinjat,da-work-858377558,外典：蛇之箴言,2019-08-20,378,379,318,0,1,3,255,193,143,336,336,0,simplified
da-author-mscarlet-78b5e8fb,MScarlet,da-work-858424800,那熔蝕根基的熔岩之地,2019-08-22,8979,8809,6942,170,22,232,5520,4309,3583,7892,7892,0,mixed
da-author-etinjat-1c584251,Etinjat,da-work-858456111,逸商书 · 金誓 · 注疏,2019-08-22,7110,7079,5915,31,14,271,4709,3549,2622,6171,6171,10,mixed
da-author-breaddddd-d9923f3d,breaddddd,da-work-896429708,文语谈 第六期：喵肉,2019-09-07,9961,9701,7920,260,227,213,6356,4886,4102,8988,8988,0,mixed
da-author-etinjat-1c584251,Etinjat,da-work-901564094,诗钞——悠悠霜玉轮,2019-09-13,23,24,20,0,1,1,13,8,4,12,12,0,traditional
da-author-qblevi-494cde49,QBLevi,da-work-909936628,无际曲象,2019-09-23,1883,1881,1251,2,8,87,1109,719,537,1256,1256,0,simplified
da-author-etinjat-1c584251,Etinjat,da-work-912229461,诗钞——宴天行,2019-09-27,3474,3408,2346,66,95,109,2375,1384,950,2334,2334,0,mixed
da-author-etinjat-1c584251,Etinjat,da-work-912942107,诗钞——破碎之心,2019-09-28,730,660,393,70,45,16,508,242,118,360,360,0,simplified
da-author-breaddddd-d9923f3d,breaddddd,da-work-914167985,幽灵过山车,2019-09-30,476,477,339,0,1,12,262,184,148,332,332,0,simplified
da-author-etinjat-1c584251,Etinjat,da-work-919140211,诗钞——拟幻想遗物其三 并序附注,2019-10-10,1749,1740,1251,9,12,68,1179,729,482,1211,1211,0,simplified
da-author-breaddddd-d9923f3d,breaddddd,da-work-919160150,绘星城购物指南,2019-10-12,28414,27088,17511,1326,559,749,16363,9888,7607,17495,17495,0,simplified
da-author-breaddddd-d9923f3d,breaddddd,da-work-924639194,跳跃字符,2019-10-30,7163,7134,4033,29,32,193,4403,2325,1718,4043,4043,0,mixed
da-author-breaddddd-d9923f3d,breaddddd,da-work-941042572,周末的世界,2019-12-01,5254,5252,4113,2,25,190,3485,2532,1988,4520,4520,0,simplified
da-author-breaddddd-d9923f3d,breaddddd,da-work-942606126,雨中漫步,2019-12-02,973,973,746,0,4,24,584,436,365,801,801,0,simplified
da-author-etinjat-1c584251,Etinjat,da-work-943046033,长歌行——逐鹿何遑遑,2019-12-02,1473,1249,320,224,7,11,582,182,118,300,300,0,simplified
da-author-etinjat-1c584251,Etinjat,da-work-963388335,岿阳谶——鹿尘子伏龙还丹诀,2019-12-13,255,256,224,0,1,1,153,120,88,208,208,0,mixed
da-author-agent-phage-bc08199e,Agent Phage,da-work-985862865,SC-27/136-28/800,2019-12-21,3124,3111,2337,13,5,62,1770,1288,1015,2303,2303,0,simplified
da-author-agent-phage-bc08199e,Agent Phage,da-work-985862979,青竹计划，1936年,2019-12-21,2346,2208,1975,138,10,65,1357,1141,973,2114,2114,0,simplified
da-author-agent-phage-bc08199e,Agent Phage,da-work-985863073,安德森机器人安装指南：您最新的红腿小隼系列生命强化单元！,2019-12-21,3613,3391,3057,222,30,92,2093,1785,1570,3355,3355,0,simplified
da-author-agent-phage-bc08199e,Agent Phage,da-work-985863162,翻开重生之夜篇章,2019-12-21,2308,2149,1835,159,19,79,1383,1112,934,2046,2046,0,simplified
da-author-breaddddd-d9923f3d,breaddddd,da-work-985912542,小学作文四则,2019-12-24,1930,1918,1434,12,8,116,1337,912,644,1556,1556,0,simplified
da-author-breaddddd-d9923f3d,breaddddd,da-work-986029089,旅行相机,2020-01-02,1625,1611,1187,14,15,37,994,685,541,1226,1226,0,simplified
da-author-etinjat-1c584251,Etinjat,da-work-986220250,华翼科技 异号第3579项协议,2020-01-18,6414,5915,3595,499,65,106,3333,1975,1542,3517,3517,0,simplified
da-author-etinjat-1c584251,Etinjat,da-work-986232376,切勿多疑，切勿深思，切勿相击,2020-01-19,2209,2203,1633,6,4,38,1336,928,767,1695,1695,0,simplified
da-author-etinjat-1c584251,Etinjat,da-work-986255831,夜中不能寐,2020-01-20,1974,1971,1754,3,2,61,1283,1066,877,1943,1943,0,simplified
da-author-etinjat-1c584251,Etinjat,da-work-986308111,岿阳诀 —— 碧游春,2020-01-24,287,288,250,0,1,2,178,139,101,240,240,0,simplified
da-author-agent-phage-bc08199e,Agent Phage,da-work-986357745,伦理委员会怪谈志：乌云集结,2020-01-28,5301,5302,4058,0,29,194,3197,2378,1945,4323,4323,0,simplified
da-author-breaddddd-d9923f3d,breaddddd,da-work-986478250,文语谈 第八期：素素,2020-01-30,5880,5704,4427,176,160,94,3727,2793,2277,5070,5070,0,mixed
da-author-mscarlet-78b5e8fb,MScarlet,da-work-986500928,黎斗組長的得獎感言,2020-01-30,7198,7000,5636,198,37,192,4561,3461,2843,6304,6304,0,mixed
da-author-etinjat-1c584251,Etinjat,da-work-986536790,层叠漾世歌（其一）：酩酊街上初逢酬赠忘忧人,2020-02-01,533,534,457,0,4,2,334,256,184,440,440,0,mixed
da-author-etinjat-1c584251,Etinjat,da-work-986560936,星汉灿烂,2020-02-03,789,785,520,4,3,14,481,296,233,529,529,0,simplified
da-author-etinjat-1c584251,Etinjat,da-work-986572509,讹谬之相,2020-02-04,1255,1254,892,1,3,15,752,507,419,926,926,0,simplified
da-author-etinjat-1c584251,Etinjat,da-work-987072542,应当多加关心基金会员工的精神状态，也许吧,2020-02-13,445,446,340,0,2,9,266,189,155,344,344,0,simplified
da-author-etinjat-1c584251,Etinjat,da-work-987087585,关于欲肉教血脉和合论神话起源文献记录,2020-02-14,1262,1258,864,4,5,56,780,497,314,811,811,0,simplified
da-author-etinjat-1c584251,Etinjat,da-work-987529071,那梨石音尺,2020-02-17,5783,5767,4830,16,17,153,3775,2892,2384,5276,5276,0,simplified
da-author-agent-phage-bc08199e,Agent Phage,da-work-988356444,无字碑,2020-02-18,1266,1247,973,19,4,29,726,545,453,998,998,0,simplified
da-author-etinjat-1c584251,Etinjat,da-work-993066801,笔记：没有人了解管理员的秘密,2020-02-20,765,756,599,9,2,21,481,332,250,582,582,0,simplified
da-author-mscarlet-78b5e8fb,MScarlet,da-work-998805909,安布羅斯香江誠草店的菜單,2020-02-29,3797,3669,2483,128,54,55,2293,1512,1250,2762,2762,0,traditional
da-author-etinjat-1c584251,Etinjat,da-work-999247145,前传：无人见此异变,2020-03-01,4791,4784,4339,7,2,132,3056,2610,2194,4804,4804,0,simplified
da-author-etinjat-1c584251,Etinjat,da-work-999696783,共醉酩酊迷大梦，不知伊人在何方,2020-03-04,2014,1977,1261,37,8,35,1251,756,601,1357,1357,0,simplified
da-author-etinjat-1c584251,Etinjat,da-work-999737203,无字碑,2020-03-06,743,743,556,0,2,16,442,314,260,574,574,0,simplified
da-author-breaddddd-d9923f3d,breaddddd,da-work-999753970,单色房间,2020-03-07,2215,2203,1763,12,15,53,1344,1017,837,1854,1854,0,simplified
da-author-etinjat-1c584251,Etinjat,da-work-999856373,雾中怪谈,2020-03-11,980,972,763,8,6,20,565,426,353,779,779,0,simplified
da-author-etinjat-1c584251,Etinjat,da-work-999864019,请前往Site-CN-44以获取独立储存的数据,2020-03-11,1816,1743,1251,73,14,27,1039,702,584,1286,1286,0,simplified
da-author-agent-phage-bc08199e,Agent Phage,da-work-999922846,是否还在身旁？,2020-03-13,2494,2306,1493,188,22,47,1322,868,701,1569,1569,0,simplified
da-author-etinjat-1c584251,Etinjat,da-work-999927899,超形上学冒泡泡，尽揽叙事酷到爆,2020-03-13,1733,1694,1078,39,10,27,991,629,506,1135,1135,0,simplified
da-author-agent-phage-bc08199e,Agent Phage,da-work-1002239704,迟来的光芒随风而去,2020-03-21,2040,1889,1592,151,16,61,1231,994,846,1840,1840,0,simplified
da-author-agent-phage-bc08199e,Agent Phage,da-work-1002340709,Carroll 122 号：虚空之名,2020-03-26,2728,2565,2191,163,16,67,1583,1274,1083,2357,2357,0,simplified
da-author-agent-phage-bc08199e,Agent Phage,da-work-1002342616,格鲁乌-P 个案卷宗“科什-Kosch”,2020-03-26,4130,3737,2849,393,54,84,2338,1608,1280,2888,2888,0,mixed
da-author-etinjat-1c584251,Etinjat,da-work-1015498089,歌行：五次覔狂喜,2020-03-31,231,229,199,2,2,1,142,111,82,193,193,0,simplified
da-author-mscarlet-78b5e8fb,MScarlet,da-work-1020114949,專訪重裝海豹人,2020-04-01,3393,3215,2403,178,19,71,2053,1514,1217,2731,2731,0,mixed
da-author-re-spectators-464e4708,Re_spectators,da-work-1022073917,取代反应,2020-04-02,8425,8343,4762,82,103,254,4952,2643,2056,4699,4699,0,mixed
da-author-re-spectators-464e4708,Re_spectators,da-work-1022095056,Re_spectators的提案,2020-04-02,1049,1050,796,0,2,26,626,463,390,853,853,0,simplified
da-author-breaddddd-d9923f3d,breaddddd,da-work-1024189828,梦境搬家,2020-04-04,6229,6221,4033,8,14,195,4035,2382,1834,4216,4216,0,simplified
da-author-etinjat-1c584251,Etinjat,da-work-1024229829,愚者史诗 —— 缢王深殿里,2020-04-07,3094,3012,2564,82,25,7,1951,1501,1103,2604,2604,4,mixed
da-author-breaddddd-d9923f3d,breaddddd,da-work-1024284927,小问号的朋友,2020-04-11,1318,1267,1026,51,21,69,833,593,476,1069,1069,0,simplified
da-author-re-spectators-464e4708,Re_spectators,da-work-1026154822,一花一世界,2020-04-25,9195,9094,6419,101,119,272,5466,3738,3056,6794,6794,0,mixed
da-author-re-spectators-464e4708,Re_spectators,da-work-1026154861,SCP-CN-1827,2020-04-25,815,776,618,39,26,32,514,384,319,703,703,0,simplified
da-author-re-spectators-464e4708,Re_spectators,da-work-1035036156,青鸟,2020-05-03,5692,5055,2328,637,26,112,2663,1328,1011,2339,2339,0,mixed
da-author-breaddddd-d9923f3d,breaddddd,da-work-1076522189,巧克力烤面包,2020-05-24,2013,2007,1545,6,8,38,1203,865,701,1566,1566,0,simplified
da-author-etinjat-1c584251,Etinjat,da-work-1086212331,愚者漫吟游,2020-05-25,2046,1824,839,222,9,10,940,484,366,850,850,0,simplified
da-author-agent-phage-bc08199e,Agent Phage,da-work-1133221610,死血,2020-05-30,3125,2983,2131,142,13,59,1724,1192,972,2164,2164,0,simplified
da-author-etinjat-1c584251,Etinjat,da-work-1133955432,异学陆柒壹 若港梦华,2020-05-31,6479,6260,4613,219,28,253,3874,2616,1733,4349,4349,0,mixed
da-author-etinjat-1c584251,Etinjat,da-work-1148395730,🎴㉩🔪🙀,2020-06-11,1007,1008,750,0,1,16,605,437,365,802,802,0,simplified
da-author-agent-phage-bc08199e,Agent Phage,da-work-1156352079,PS-01 问题,2020-06-15,4152,4150,3496,2,4,177,2731,2094,1723,3817,3817,0,simplified
da-author-agent-phage-bc08199e,Agent Phage,da-work-1164253803,液体猫咪,2020-06-18,5492,4833,1697,659,19,101,2456,964,797,1761,1761,0,simplified
da-author-etinjat-1c584251,Etinjat,da-work-1165114729,最期之艦,2020-06-22,666,637,533,29,10,1,396,292,199,491,491,0,mixed
da-author-etinjat-1c584251,Etinjat,da-work-1165115409,黑桃皇后童谣集：神奇竖林大冒险,2020-06-22,247,245,206,2,2,3,156,116,86,202,202,0,simplified
da-author-etinjat-1c584251,Etinjat,da-work-1165120332,小雅 · 悠飔,2020-06-23,3261,2952,1143,309,65,59,1765,703,457,1160,1160,7,mixed
da-author-breaddddd-d9923f3d,breaddddd,da-work-1165201965,文语谈 第九期：infas,2020-06-29,17060,16586,12623,474,435,767,11161,7975,6316,14291,14291,0,simplified
da-author-mscarlet-78b5e8fb,MScarlet,da-work-1165207306,一頭會行走的海豹,2020-06-30,2477,2376,1560,101,26,34,1379,930,764,1694,1694,0,mixed
da-author-agent-phage-bc08199e,Agent Phage,da-work-1204177967,PS-02 坏运,2020-07-19,5227,5081,4401,146,13,203,3399,2731,2312,5043,5043,0,simplified
da-author-etinjat-1c584251,Etinjat,da-work-1204498253,游音流 - 鲨击百科,2020-07-19,22049,15536,7373,6513,260,277,9047,4174,3108,7282,7282,0,simplified
da-author-etinjat-1c584251,Etinjat,da-work-1257303606,虚皇衍帝说无量绎梦万天七法妙宝镇域外伪魔经,2020-07-31,3630,3407,2095,223,5,108,1958,1175,776,1951,1951,0,mixed
da-author-agent-phage-bc08199e,Agent Phage,da-work-1260628233,第〇〇三三号,2020-08-03,5441,5270,4526,171,44,186,3404,2679,2149,4828,4828,0,simplified
da-author-breaddddd-d9923f3d,breaddddd,da-work-1260808376,安布罗斯 x AWCY联名快闪店,2020-08-16,5366,5338,4480,28,26,145,3291,2574,2093,4667,4667,0,simplified
da-author-etinjat-1c584251,Etinjat,da-work-1261306531,万劫历数混元通纪 · 十纪卮言第七 · 中,2020-08-20,28774,28587,23195,187,49,1037,18654,13396,8779,22175,22175,0,mixed
da-author-agent-phage-bc08199e,Agent Phage,da-work-1267725120,文语谈 第十一期：紫猫,2020-08-23,13038,12654,10038,384,344,449,8383,6161,5020,11181,11181,0,simplified
da-author-etinjat-1c584251,Etinjat,da-work-1278079946,鲁镇纪略,2020-09-09,3427,3352,2892,75,11,120,2193,1748,1402,3150,3150,0,mixed
da-author-breaddddd-d9923f3d,breaddddd,da-work-1299736730,文语谈 第十二期：噬菌体,2020-09-14,16916,16514,12980,402,357,514,10867,8050,6457,14507,14507,0,mixed
da-author-etinjat-1c584251,Etinjat,da-work-1304974711,子不语 · 蝶蛛 · 第捌柒伍,2020-09-25,1144,1100,845,44,11,44,744,513,344,857,857,0,mixed
da-author-etinjat-1c584251,Etinjat,da-work-1305053919,笔记：没有人是真正的西方勇者,2020-10-02,966,956,817,10,5,10,574,448,364,812,812,0,simplified
da-author-etinjat-1c584251,Etinjat,da-work-1305762934,异学子 · 西那王上 · 神御,2020-11-10,2493,2299,1344,194,5,74,1381,812,534,1346,1346,0,mixed
da-author-etinjat-1c584251,Etinjat,da-work-1306161187,摇铃组诗 - 秋之章,2020-12-11,912,913,783,0,12,8,586,455,343,798,798,0,simplified
da-author-etinjat-1c584251,Etinjat,da-work-1306311171,异学零壹捌 感孕寄胎,2020-12-23,6156,5932,4348,224,26,208,3773,2574,1740,4314,4314,4,mixed
da-author-etinjat-1c584251,Etinjat,da-work-1306318159,步虚列仙传续编：北极仙翁礼宝丈人,2020-12-24,1940,1711,702,229,8,43,869,389,258,647,647,0,simplified
da-author-breaddddd-d9923f3d,breaddddd,da-work-1306372902,非官方中分mtf列表整理,2020-12-31,48162,47181,15324,981,955,947,26727,7908,3975,11883,11883,0,mixed
da-author-agent-phage-bc08199e,Agent Phage,da-work-1306820190,除夕事变-第一部分：辞旧,2021-02-11,3791,3597,3188,194,15,110,2256,1866,1581,3447,3447,0,simplified
da-author-agent-phage-bc08199e,Agent Phage,da-work-1306878731,除夕事变-第二部分：贺岁,2021-02-12,4936,4726,3957,210,17,187,3094,2355,1917,4272,4272,0,simplified
da-author-agent-phage-bc08199e,Agent Phage,da-work-1306900999,除夕事变-第三部分：迎新,2021-02-14,4965,4907,3960,58,12,190,3219,2372,1908,4280,4280,0,simplified
da-author-agent-phage-bc08199e,Agent Phage,da-work-1306901813,银杏生长,2021-02-14,3634,3460,2912,174,10,124,2226,1754,1457,3211,3211,0,simplified
da-author-re-spectators-464e4708,Re_spectators,da-work-1306943399,混沌理论,2021-02-17,1647,1533,764,114,22,36,915,424,297,721,721,0,mixed
da-author-mscarlet-78b5e8fb,MScarlet,da-work-1306973577,假面,2021-02-21,5266,5039,2737,227,29,70,3012,1623,1195,2818,2818,0,mixed
da-author-breaddddd-d9923f3d,breaddddd,da-work-1306989753,SPC-CN-777,2021-02-24,1498,1497,1218,1,2,34,907,697,564,1261,1261,0,simplified
da-author-etinjat-1c584251,Etinjat,da-work-1306990183,渺茫生建木,2021-02-24,325,321,251,4,2,3,209,148,102,250,250,0,mixed
da-author-etinjat-1c584251,Etinjat,da-work-1307247841,茧房,2021-03-15,1247,1248,985,0,2,23,747,569,474,1043,1043,0,simplified
da-author-re-spectators-464e4708,Re_spectators,da-work-1307368226,盐之子,2021-03-16,4231,4077,2824,154,19,95,2427,1620,1328,2948,2948,0,simplified
da-author-etinjat-1c584251,Etinjat,da-work-1307465113,咸水歌·疍家仔,2021-03-18,317,318,264,0,1,1,252,197,143,340,340,0,simplified
da-author-agent-phage-bc08199e,Agent Phage,da-work-1308319039,时停的囚笼,2021-03-21,5895,5225,2055,670,36,106,2715,1171,935,2106,2106,0,simplified
da-author-breaddddd-d9923f3d,breaddddd,da-work-1308413127,文语谈 第十三期：真理,2021-03-25,16312,15949,12313,363,323,475,10268,7592,6145,13737,13737,0,simplified
da-author-breaddddd-d9923f3d,breaddddd,da-work-1308434499,小区守护神,2021-03-27,2524,2523,1850,1,6,49,1473,1037,834,1871,1871,0,simplified
da-author-breaddddd-d9923f3d,breaddddd,da-work-1308434501,小美面具,2021-03-27,2622,2620,1715,2,5,46,1522,986,797,1783,1783,0,simplified
da-author-agent-phage-bc08199e,Agent Phage,da-work-1308475040,文语谈 第十五期：歌辞,2021-04-04,28476,27542,20638,934,675,679,18043,12685,9868,22553,22553,0,simplified
da-author-breaddddd-d9923f3d,breaddddd,da-work-1308482173,文语谈 第十六期：HD,2021-04-05,20759,20550,17255,209,184,383,13030,10425,8610,19035,19035,0,simplified
da-author-mscarlet-78b5e8fb,MScarlet,da-work-1308568581,屬於偶像的戰場,2021-04-12,3383,3208,2648,175,13,75,2142,1631,1332,2963,2963,0,mixed
da-author-etinjat-1c584251,Etinjat,da-work-1308610057,破碎之诞,2021-04-15,2586,2148,757,438,13,12,1061,443,337,780,780,0,simplified
da-author-re-spectators-464e4708,Re_spectators,da-work-1310969119,梦见天堂,2021-05-05,1712,1710,1094,2,5,37,951,633,513,1146,1146,0,simplified
da-author-etinjat-1c584251,Etinjat,da-work-1310979032,未来星宿化劫谶,2021-05-05,1114,1102,770,12,17,81,818,485,244,729,729,0,mixed
da-author-breaddddd-d9923f3d,breaddddd,da-work-1311008924,发际线大作战,2021-05-09,2593,2584,2063,9,16,71,1580,1160,890,2050,2050,0,simplified
da-author-breaddddd-d9923f3d,breaddddd,da-work-1311013939,文语谈 第十七期：花子,2021-05-10,14784,14563,12150,221,190,454,9186,7257,5985,13242,13242,0,mixed
da-author-etinjat-1c584251,Etinjat,da-work-1312031374,超形上学导论,2021-06-09,36751,36493,28038,258,283,746,22433,16595,13106,29701,29701,0,simplified
da-author-re-spectators-464e4708,Re_spectators,da-work-1312042098,解密：SCP-CN-1353 - 地西泮仪式,2021-06-11,14017,14002,10758,15,117,403,8984,6326,4977,11303,11303,0,mixed
da-author-etinjat-1c584251,Etinjat,da-work-1312092619,在场证明,2021-06-15,1172,1161,942,11,12,20,722,554,453,1007,1007,0,simplified
da-author-re-spectators-464e4708,Re_spectators,da-work-1312342920,文语谈 第十八期：道格,2021-07-12,20183,19921,16671,262,225,387,12851,10271,8614,18885,18885,0,simplified
da-author-etinjat-1c584251,Etinjat,da-work-1312367742,戲題箱庭東洋百景·其一·率舞,2021-07-17,427,403,323,24,5,1,267,186,116,302,302,0,mixed
da-author-etinjat-1c584251,Etinjat,da-work-1312440942,逆模因：传播的“强噪音”,2021-07-27,6086,5998,5016,88,59,128,3846,2928,2314,5242,5242,0,mixed
da-author-breaddddd-d9923f3d,breaddddd,da-work-1312533781,文语谈 第十九期：路人,2021-08-07,12593,12191,9411,402,348,435,8054,5845,4741,10586,10586,0,simplified
da-author-agent-phage-bc08199e,Agent Phage,da-work-1313624985,《SCP基金会：通用掩盖协议指南》,2021-08-14,24618,23936,19238,682,30,460,13859,10824,9360,20184,20184,0,simplified
da-author-etinjat-1c584251,Etinjat,da-work-1324148511,《贡扎罗王》节选：三只乌鸦,2021-09-24,485,483,435,2,2,1,322,273,226,499,499,0,mixed
da-author-agent-phage-bc08199e,Agent Phage,da-work-1324311781,が-D-0191“第二心脏”贩卖信息,2021-10-04,3483,3446,2861,37,33,94,2140,1624,1340,2964,2964,0,simplified
da-author-agent-phage-bc08199e,Agent Phage,da-work-1329988705,化烟,2021-11-11,1736,1722,1220,14,6,49,1071,722,565,1287,1287,0,simplified
da-author-etinjat-1c584251,Etinjat,da-work-1330042257,破碎公教之基西拉信经,2021-11-13,8339,7909,5200,430,36,169,4821,3070,2395,5465,5465,0,simplified
da-author-breaddddd-d9923f3d,breaddddd,da-work-1330077047,《朝颜文学报特刊》：易碎的少女青涩之梦——三明治社动画赏析与杂谈,2021-11-16,18544,18453,16151,91,48,386,11244,9271,7706,16977,16977,0,simplified
da-author-etinjat-1c584251,Etinjat,da-work-1331014733,你们为什么不信那些迹象呢？,2021-12-17,949,939,539,10,13,14,591,310,222,532,532,0,simplified
da-author-etinjat-1c584251,Etinjat,da-work-1331158659,愚者史诗：俄耳甫斯之死,2021-12-22,2733,2733,2385,0,10,9,1793,1447,1127,2574,2574,0,mixed
da-author-etinjat-1c584251,Etinjat,da-work-1331206445,箱根町奇蹄病大屠杀事件始末,2021-12-28,7071,7016,5904,55,31,151,4264,3324,2667,5991,5991,0,simplified
