author,rank,target,author_count,other_authors_count,author_rate,other_authors_rate,log2_rate_ratio_smoothed
Agent Phage,1,半透明实体,8,0,0.00019047619047619048,0.0,5.169899239414231
Agent Phage,2,运输,7,0,0.00016666666666666666,0.0,4.9999742379719185
Agent Phage,3,存取,6,0,0.00014285714285714287,0.0,4.807329160029522
Agent Phage,4,掩盖协议,6,0,0.00014285714285714287,0.0,4.807329160029522
Agent Phage,5,千克左右,5,0,0.00011904761904761905,0.0,4.584936738693075
Agent Phage,6,半透明,5,0,0.00011904761904761905,0.0,4.584936738693075
Agent Phage,7,掩盖,19,3,0.00045238095238095237,1.785714285714286e-05,4.321902332859281
Agent Phage,8,无人机,9,1,0.00021428571428571427,5.9523809523809525e-06,4.321902332859281
Agent Phage,9,这份,8,1,0.00019047619047619048,5.9523809523809525e-06,4.169899239414231
Agent Phage,10,小队,6,1,0.00014285714285714287,5.9523809523809525e-06,3.8073291600295227
Agent Phage,11,一批,5,1,0.00011904761904761905,5.9523809523809525e-06,3.5849367386930746
Agent Phage,12,单元,5,1,0.00011904761904761905,5.9523809523809525e-06,3.5849367386930746
Agent Phage,13,噬菌体,5,1,0.00011904761904761905,5.9523809523809525e-06,3.5849367386930746
Agent Phage,14,情报,6,2,0.00014285714285714287,1.1904761904761905e-05,3.222366659308366
Agent Phage,15,带来的,5,2,0.00011904761904761905,1.1904761904761905e-05,2.999974237971918
Agent Phage,16,应用,5,2,0.00011904761904761905,1.1904761904761905e-05,2.999974237971918
Agent Phage,17,死神,6,3,0.00014285714285714287,1.785714285714286e-05,2.8073291600295227
Agent Phage,18,此时,7,4,0.00016666666666666666,2.380952380952381e-05,2.678046143084556
Agent Phage,19,最终,18,11,0.00042857142857142855,6.547619047619048e-05,2.6629392506943477
Agent Phage,20,下去,5,3,0.00011904761904761905,1.785714285714286e-05,2.5849367386930746
Agent Phage,21,压制,5,3,0.00011904761904761905,1.785714285714286e-05,2.5849367386930746
Agent Phage,22,四周,5,3,0.00011904761904761905,1.785714285714286e-05,2.5849367386930746
Agent Phage,23,的情况下,5,3,0.00011904761904761905,1.785714285714286e-05,2.5849367386930746
Agent Phage,24,米,5,3,0.00011904761904761905,1.785714285714286e-05,2.5849367386930746
Agent Phage,25,情况下,9,6,0.00021428571428571427,3.571428571428572e-05,2.5145474108016765
Agent Phage,26,在了,6,4,0.00014285714285714287,2.380952380952381e-05,2.48540106514216
Agent Phage,27,限制,7,5,0.00016666666666666666,2.9761904761904762e-05,2.415011737250762
Agent Phage,28,她,40,33,0.0009523809523809524,0.00019642857142857144,2.270063401339663
Agent Phage,29,全球超自然,5,4,0.00011904761904761905,2.380952380952381e-05,2.2630086438057124
Agent Phage,30,现场,5,4,0.00011904761904761905,2.380952380952381e-05,2.2630086438057124
Agent Phage,31,相关,26,23,0.000619047619047619,0.0001369047619047619,2.1698992394142307
Agent Phage,32,控制,8,7,0.00019047619047619048,4.1666666666666665e-05,2.1698992394142307
Agent Phage,33,攻击,9,8,0.00021428571428571427,4.761904761904762e-05,2.151977331416968
Agent Phage,34,奇术,10,9,0.0002380952380952381,5.357142857142857e-05,2.137477761721853
Agent Phage,35,明显,7,7,0.00016666666666666666,4.1666666666666665e-05,1.9999742379719185
Agent Phage,36,了我,5,5,0.00011904761904761905,2.9761904761904762e-05,1.9999742379719183
Agent Phage,37,协议,5,5,0.00011904761904761905,2.9761904761904762e-05,1.9999742379719183
Agent Phage,38,博士,5,5,0.00011904761904761905,2.9761904761904762e-05,1.9999742379719183
Agent Phage,39,未来,5,5,0.00011904761904761905,2.9761904761904762e-05,1.9999742379719183
Agent Phage,40,需,9,10,0.00021428571428571427,5.9523809523809524e-05,1.8624707142219834
Agent Phage,41,资料,8,9,0.00019047619047619048,5.357142857142857e-05,1.8479711445268685
Agent Phage,42,用于,7,8,0.00016666666666666666,4.761904761904762e-05,1.830049236529606
Agent Phage,43,这样的,7,8,0.00016666666666666666,4.761904761904762e-05,1.830049236529606
Agent Phage,44,来说,6,7,0.00014285714285714287,4.1666666666666665e-05,1.8073291600295225
Agent Phage,45,模因,6,7,0.00014285714285714287,4.1666666666666665e-05,1.8073291600295225
Agent Phage,46,清楚,5,6,0.00011904761904761905,3.571428571428572e-05,1.7775818166354704
Agent Phage,47,说的,5,6,0.00011904761904761905,3.571428571428572e-05,1.7775818166354704
Agent Phage,48,才,10,12,0.0002380952380952381,7.142857142857143e-05,1.7589661384681232
Agent Phage,49,稳定,8,10,0.00019047619047619048,5.9523809523809524e-05,1.7104676207769336
Agent Phage,50,删除,7,9,0.00016666666666666666,5.357142857142857e-05,1.678046143084556
Agent Phage,51,那是,7,9,0.00016666666666666666,5.357142857142857e-05,1.678046143084556
Agent Phage,52,的情况,6,8,0.00014285714285714287,4.761904761904762e-05,1.6374041585872101
Agent Phage,53,实体,24,32,0.0005714285714285715,0.00019047619047619048,1.5994363083881897
Agent Phage,54,也会,5,7,0.00011904761904761905,4.1666666666666665e-05,1.5849367386930748
Agent Phage,55,方法,5,7,0.00011904761904761905,4.1666666666666665e-05,1.5849367386930748
Agent Phage,56,效应,8,11,0.00019047619047619048,6.547619047619048e-05,1.5849367386930746
Agent Phage,57,死亡,7,10,0.00016666666666666666,5.9523809523809524e-05,1.5405426193346212
Agent Phage,58,情况,16,23,0.00038095238095238096,0.0001369047619047619,1.5024745785011016
Agent Phage,59,你是,6,9,0.00014285714285714287,5.357142857142857e-05,1.4854010651421603
Agent Phage,60,应,6,9,0.00014285714285714287,5.357142857142857e-05,1.4854010651421603
Agent Phage,61,拥有,6,9,0.00014285714285714287,5.357142857142857e-05,1.4854010651421603
Agent Phage,62,造成,6,9,0.00014285714285714287,5.357142857142857e-05,1.4854010651421603
Agent Phage,63,黑色,6,9,0.00014285714285714287,5.357142857142857e-05,1.4854010651421603
Agent Phage,64,真的,15,22,0.00035714285714285714,0.00013095238095238096,1.4764122819149055
Agent Phage,65,人员,19,28,0.00045238095238095237,0.00016666666666666666,1.4639213377317086
Agent Phage,66,您,19,28,0.00045238095238095237,0.00016666666666666666,1.4639213377317086
Agent Phage,67,却,11,17,0.0002619047619047619,0.0001011904761904762,1.4150117372507622
Agent Phage,68,作用,7,11,0.00016666666666666666,6.547619047619048e-05,1.4150117372507622
Agent Phage,69,经过,7,11,0.00016666666666666666,6.547619047619048e-05,1.4150117372507622
Agent Phage,70,许多,7,11,0.00016666666666666666,6.547619047619048e-05,1.4150117372507622
Agent Phage,71,了解,5,8,0.00011904761904761905,4.761904761904762e-05,1.4150117372507622
Agent Phage,72,处理,5,8,0.00011904761904761905,4.761904761904762e-05,1.4150117372507622
Agent Phage,73,意识到,5,8,0.00011904761904761905,4.761904761904762e-05,1.4150117372507622
Agent Phage,74,我想,5,8,0.00011904761904761905,4.761904761904762e-05,1.4150117372507622
Agent Phage,75,现象,5,8,0.00011904761904761905,4.761904761904762e-05,1.4150117372507622
Agent Phage,76,观察,5,8,0.00011904761904761905,4.761904761904762e-05,1.4150117372507622
Agent Phage,77,错误,5,8,0.00011904761904761905,4.761904761904762e-05,1.4150117372507622
Agent Phage,78,之中,8,13,0.00019047619047619048,7.738095238095238e-05,1.3625443173566267
Agent Phage,79,了什么,6,10,0.00014285714285714287,5.9523809523809524e-05,1.3478975413922254
Agent Phage,80,没,20,32,0.0004761904761904762,0.00019047619047619048,1.3478975413922252
Agent Phage,81,这是,13,22,0.0003095238095238095,0.00013095238095238096,1.2837672039725099
Agent Phage,82,接触,5,9,0.00011904761904761905,5.357142857142857e-05,1.2630086438057124
Agent Phage,83,以及,15,26,0.00035714285714285714,0.00015476190476190475,1.2450867358084499
Agent Phage,84,你的,12,21,0.00028571428571428574,0.000125,1.2409823374757134
Agent Phage,85,超自然,6,11,0.00014285714285714287,6.547619047619048e-05,1.2223666593083664
Agent Phage,86,成为,7,13,0.00016666666666666666,7.738095238095238e-05,1.1926193159143141
Agent Phage,87,能够,7,13,0.00016666666666666666,7.738095238095238e-05,1.1926193159143141
Agent Phage,88,设备,7,13,0.00016666666666666666,7.738095238095238e-05,1.1926193159143141
Agent Phage,89,他们,29,53,0.0006904761904761905,0.00031547619047619046,1.1519773314169686
Agent Phage,90,的人,14,26,0.0003333333333333333,0.00015476190476190475,1.1519773314169686
Agent Phage,91,人的,5,10,0.00011904761904761905,5.9523809523809524e-05,1.1255051200557773
Agent Phage,92,们,5,10,0.00011904761904761905,5.9523809523809524e-05,1.1255051200557773
Agent Phage,93,身体,5,10,0.00011904761904761905,5.9523809523809524e-05,1.1255051200557773
Agent Phage,94,事,6,12,0.00014285714285714287,7.142857142857143e-05,1.1068894418884303
Agent Phage,95,也是,14,27,0.0003333333333333333,0.0001607142857142857,1.0995099115228328
Agent Phage,96,选择,7,14,0.00016666666666666666,8.333333333333333e-05,1.0930836423633998
Agent Phage,97,一下,10,20,0.0002380952380952381,0.00011904761904761905,1.0670884338304552
Agent Phage,98,至,10,21,0.0002380952380952381,0.000125,0.9999742379719184
Agent Phage,99,数据,7,15,0.00016666666666666666,8.928571428571429e-05,0.9999742379719184
Agent Phage,100,计划,7,15,0.00016666666666666666,8.928571428571429e-05,0.9999742379719184
Etinjat,1,曰,27,0,0.0006428571428571428,0.0,6.807329160029522
Etinjat,2,乃,18,0,0.00042857142857142855,0.0,6.247901751415504
Etinjat,3,貌,10,0,0.0002380952380952381,0.0,5.459405856609216
Etinjat,4,万物,7,0,0.00016666666666666666,0.0,4.9999742379719185
Etinjat,5,黄帝,7,0,0.00016666666666666666,0.0,4.9999742379719185
Etinjat,6,伏羲,6,0,0.00014285714285714287,0.0,4.807329160029522
Etinjat,7,叙事者,6,0,0.00014285714285714287,0.0,4.807329160029522
Etinjat,8,游音流,6,0,0.00014285714285714287,0.0,4.807329160029522
Etinjat,9,者之,6,0,0.00014285714285714287,0.0,4.807329160029522
Etinjat,10,逆模因,6,0,0.00014285714285714287,0.0,4.807329160029522
Etinjat,11,的叙事,12,1,0.00028571428571428574,5.9523809523809525e-06,4.70041395611301
Etinjat,12,乎,5,0,0.00011904761904761905,0.0,4.584936738693075
Etinjat,13,大梦,5,0,0.00011904761904761905,0.0,4.584936738693075
Etinjat,14,妖,5,0,0.00011904761904761905,0.0,4.584936738693075
Etinjat,15,客体,5,0,0.00011904761904761905,0.0,4.584936738693075
Etinjat,16,所谓的,5,0,0.00011904761904761905,0.0,4.584936738693075
Etinjat,17,框架,5,0,0.00011904761904761905,0.0,4.584936738693075
Etinjat,18,灵,5,0,0.00011904761904761905,0.0,4.584936738693075
Etinjat,19,鲛,5,0,0.00011904761904761905,0.0,4.584936738693075
Etinjat,20,叙事的,10,1,0.0002380952380952381,5.9523809523809525e-06,4.459405856609216
Etinjat,21,皆,15,2,0.00035714285714285714,1.1904761904761905e-05,4.4150117372507625
Etinjat,22,叙事,52,10,0.001238095238095238,5.9523809523809524e-05,4.26846307389782
Etinjat,23,之人,7,1,0.00016666666666666666,5.9523809523809525e-06,3.9999742379719185
Etinjat,24,载,7,1,0.00016666666666666666,5.9523809523809525e-06,3.9999742379719185
Etinjat,25,亦,18,4,0.00042857142857142855,2.380952380952381e-05,3.9259736565281416
Etinjat,26,叙事层,10,2,0.0002380952380952381,1.1904761904761905e-05,3.8744433558880593
Etinjat,27,叙述,10,2,0.0002380952380952381,1.1904761904761905e-05,3.8744433558880593
Etinjat,28,焉,6,1,0.00014285714285714287,5.9523809523809525e-06,3.8073291600295227
Etinjat,29,兮,5,1,0.00011904761904761905,5.9523809523809525e-06,3.5849367386930746
Etinjat,30,有所,5,1,0.00011904761904761905,5.9523809523809525e-06,3.5849367386930746
Etinjat,31,之,60,22,0.0014285714285714286,0.00013095238095238096,3.407149619477792
Etinjat,32,元,6,2,0.00014285714285714287,1.1904761904761905e-05,3.222366659308366
Etinjat,33,所谓,6,2,0.00014285714285714287,1.1904761904761905e-05,3.222366659308366
Etinjat,34,故,6,2,0.00014285714285714287,1.1904761904761905e-05,3.222366659308366
Etinjat,35,虚构,6,2,0.00014285714285714287,1.1904761904761905e-05,3.222366659308366
Etinjat,36,符号,8,3,0.00019047619047619048,1.785714285714286e-05,3.1698992394142307
Etinjat,37,欲,14,6,0.0003333333333333333,3.571428571428572e-05,3.0995099115228326
Etinjat,38,见,16,7,0.00038095238095238096,4.1666666666666665e-05,3.0874370792222576
Etinjat,39,作,5,2,0.00011904761904761905,1.1904761904761905e-05,2.999974237971918
Etinjat,40,形成的,5,2,0.00011904761904761905,1.1904761904761905e-05,2.999974237971918
Etinjat,41,某些,5,2,0.00011904761904761905,1.1904761904761905e-05,2.999974237971918
Etinjat,42,指,8,4,0.00019047619047619048,2.380952380952381e-05,2.8479711445268685
Etinjat,43,天下,6,3,0.00014285714285714287,1.785714285714286e-05,2.8073291600295227
Etinjat,44,此处,6,3,0.00014285714285714287,1.785714285714286e-05,2.8073291600295227
Etinjat,45,世界的,9,5,0.00021428571428571427,2.9761904761904762e-05,2.7369398321381246
Etinjat,46,您的,9,5,0.00021428571428571427,2.9761904761904762e-05,2.7369398321381246
Etinjat,47,云,5,3,0.00011904761904761905,1.785714285714286e-05,2.5849367386930746
Etinjat,48,带有,5,3,0.00011904761904761905,1.785714285714286e-05,2.5849367386930746
Etinjat,49,梦,5,3,0.00011904761904761905,1.785714285714286e-05,2.5849367386930746
Etinjat,50,道,6,4,0.00014285714285714287,2.380952380952381e-05,2.48540106514216
Etinjat,51,他的,15,11,0.00035714285714285714,6.547619047619048e-05,2.415011737250762
Etinjat,52,就像,8,6,0.00019047619047619048,3.571428571428572e-05,2.3625443173566265
Etinjat,53,意义,10,8,0.0002380952380952381,4.761904761904762e-05,2.2894808551669033
Etinjat,54,也可以,5,4,0.00011904761904761905,2.380952380952381e-05,2.2630086438057124
Etinjat,55,三,6,5,0.00014285714285714287,2.9761904761904762e-05,2.222366659308366
Etinjat,56,上层,6,5,0.00014285714285714287,2.9761904761904762e-05,2.222366659308366
Etinjat,57,异学会,6,6,0.00014285714285714287,3.571428571428572e-05,1.9999742379719185
Etinjat,58,不可,5,5,0.00011904761904761905,2.9761904761904762e-05,1.9999742379719183
Etinjat,59,信息的,5,5,0.00011904761904761905,2.9761904761904762e-05,1.9999742379719183
Etinjat,60,对其,5,5,0.00011904761904761905,2.9761904761904762e-05,1.9999742379719183
Etinjat,61,对象,5,5,0.00011904761904761905,2.9761904761904762e-05,1.9999742379719183
Etinjat,62,听,10,11,0.0002380952380952381,6.547619047619048e-05,1.8744433558880593
Etinjat,63,正,8,9,0.00019047619047619048,5.357142857142857e-05,1.8479711445268685
Etinjat,64,里的,7,8,0.00016666666666666666,4.761904761904762e-05,1.830049236529606
Etinjat,65,即,13,15,0.0003095238095238095,8.928571428571429e-05,1.8073291600295225
Etinjat,66,事物,5,6,0.00011904761904761905,3.571428571428572e-05,1.7775818166354704
Etinjat,67,化,5,6,0.00011904761904761905,3.571428571428572e-05,1.7775818166354704
Etinjat,68,将其,7,9,0.00016666666666666666,5.357142857142857e-05,1.678046143084556
Etinjat,69,随着,7,9,0.00016666666666666666,5.357142857142857e-05,1.678046143084556
Etinjat,70,如,11,15,0.0002619047619047619,8.928571428571429e-05,1.5849367386930748
Etinjat,71,自身的,5,7,0.00011904761904761905,4.1666666666666665e-05,1.5849367386930748
Etinjat,72,则,15,21,0.00035714285714285714,0.000125,1.5405426193346212
Etinjat,73,者,21,31,0.0005,0.00018452380952380953,1.4594058566092156
Etinjat,74,外,7,11,0.00016666666666666666,6.547619047619048e-05,1.4150117372507622
Etinjat,75,文件,5,8,0.00011904761904761905,4.761904761904762e-05,1.4150117372507622
Etinjat,76,之中,8,13,0.00019047619047619048,7.738095238095238e-05,1.3625443173566267
Etinjat,77,危害,5,9,0.00011904761904761905,5.357142857142857e-05,1.2630086438057124
Etinjat,78,发出,5,9,0.00011904761904761905,5.357142857142857e-05,1.2630086438057124
Etinjat,79,天,5,9,0.00011904761904761905,5.357142857142857e-05,1.2630086438057124
Etinjat,80,因,9,16,0.00021428571428571427,9.523809523809524e-05,1.2344394916089412
Etinjat,81,便,6,11,0.00014285714285714287,6.547619047619048e-05,1.2223666593083664
Etinjat,82,神,6,11,0.00014285714285714287,6.547619047619048e-05,1.2223666593083664
Etinjat,83,也许,5,11,0.00011904761904761905,6.547619047619048e-05,0.9999742379719183
Etinjat,84,突然,5,11,0.00011904761904761905,6.547619047619048e-05,0.9999742379719183
Etinjat,85,得,13,28,0.0003095238095238095,0.00016666666666666666,0.9493481649019505
Etinjat,86,文章,6,14,0.00014285714285714287,8.333333333333333e-05,0.9004385644210039
Etinjat,87,自身,6,14,0.00014285714285714287,8.333333333333333e-05,0.9004385644210039
Etinjat,88,或,21,47,0.0005,0.0002797619047619048,0.8744433558880593
Etinjat,89,大,13,30,0.0003095238095238095,0.00017857142857142857,0.8531328496426472
Etinjat,90,若,8,19,0.00019047619047619048,0.00011309523809523809,0.8479711445268684
Etinjat,91,本,6,15,0.00014285714285714287,8.928571428571429e-05,0.8073291600295226
Etinjat,92,的东西,6,15,0.00014285714285714287,8.928571428571429e-05,0.8073291600295226
Etinjat,93,以,26,64,0.000619047619047619,0.00038095238095238096,0.7324939271069325
Etinjat,94,中的,10,26,0.0002380952380952381,0.00015476190476190475,0.7045183544457472
Etinjat,95,破碎,7,19,0.00016666666666666666,0.00011309523809523809,0.678046143084556
Etinjat,96,奇术,5,14,0.00011904761904761905,8.333333333333333e-05,0.678046143084556
Etinjat,97,却,7,21,0.00016666666666666666,0.000125,0.5405426193346211
Etinjat,98,而,40,113,0.0009523809523809524,0.0006726190476190477,0.5246362284252605
Etinjat,99,一定,5,16,0.00011904761904761905,9.523809523809524e-05,0.49747389744273524
Etinjat,100,一切,6,19,0.00014285714285714287,0.00011309523809523809,0.4854010651421603
QBLevi,1,李维,14,0,0.0003333333333333333,0.0,5.906864833580437
QBLevi,2,汉娜,10,0,0.0002380952380952381,0.0,5.459405856609216
QBLevi,3,两人,9,0,0.00021428571428571427,0.0,5.321902332859281
QBLevi,4,对方,9,0,0.00021428571428571427,0.0,5.321902332859281
QBLevi,5,汉娜的,8,0,0.00019047619047619048,0.0,5.169899239414231
QBLevi,6,勘探,6,0,0.00014285714285714287,0.0,4.807329160029522
QBLevi,7,本项目,6,0,0.00014285714285714287,0.0,4.807329160029522
QBLevi,8,了口气,5,0,0.00011904761904761905,0.0,4.584936738693075
QBLevi,9,倒计时,5,0,0.00011904761904761905,0.0,4.584936738693075
QBLevi,10,匕首,5,0,0.00011904761904761905,0.0,4.584936738693075
QBLevi,11,小友,5,0,0.00011904761904761905,0.0,4.584936738693075
QBLevi,12,航行,5,0,0.00011904761904761905,0.0,4.584936738693075
QBLevi,13,队长,5,0,0.00011904761904761905,0.0,4.584936738693075
QBLevi,14,替身,6,1,0.00014285714285714287,5.9523809523809525e-06,3.8073291600295227
QBLevi,15,人形个体,5,1,0.00011904761904761905,5.9523809523809525e-06,3.5849367386930746
QBLevi,16,太阳,5,1,0.00011904761904761905,5.9523809523809525e-06,3.5849367386930746
QBLevi,17,日志,5,1,0.00011904761904761905,5.9523809523809525e-06,3.5849367386930746
QBLevi,18,星球,10,3,0.0002380952380952381,1.785714285714286e-05,3.4594058566092154
QBLevi,19,右手,5,2,0.00011904761904761905,1.1904761904761905e-05,2.999974237971918
QBLevi,20,在这里,5,2,0.00011904761904761905,1.1904761904761905e-05,2.999974237971918
QBLevi,21,一面,5,3,0.00011904761904761905,1.785714285714286e-05,2.5849367386930746
QBLevi,22,其它,5,3,0.00011904761904761905,1.785714285714286e-05,2.5849367386930746
QBLevi,23,她的,5,3,0.00011904761904761905,1.785714285714286e-05,2.5849367386930746
QBLevi,24,面前,5,3,0.00011904761904761905,1.785714285714286e-05,2.5849367386930746
QBLevi,25,我还,5,4,0.00011904761904761905,2.380952380952381e-05,2.2630086438057124
QBLevi,26,正式,5,4,0.00011904761904761905,2.380952380952381e-05,2.2630086438057124
QBLevi,27,了吗,6,5,0.00014285714285714287,2.9761904761904762e-05,2.222366659308366
QBLevi,28,启动,6,5,0.00014285714285714287,2.9761904761904762e-05,2.222366659308366
QBLevi,29,号,8,8,0.00019047619047619048,4.761904761904762e-05,1.9999742379719183
QBLevi,30,什么时候,5,5,0.00011904761904761905,2.9761904761904762e-05,1.9999742379719183
QBLevi,31,但我们,5,5,0.00011904761904761905,2.9761904761904762e-05,1.9999742379719183
QBLevi,32,好了,5,5,0.00011904761904761905,2.9761904761904762e-05,1.9999742379719183
QBLevi,33,看来,5,5,0.00011904761904761905,2.9761904761904762e-05,1.9999742379719183
QBLevi,34,技术,6,8,0.00014285714285714287,4.761904761904762e-05,1.6374041585872101
QBLevi,35,自由,6,8,0.00014285714285714287,4.761904761904762e-05,1.6374041585872101
QBLevi,36,语言,5,7,0.00011904761904761905,4.1666666666666665e-05,1.5849367386930748
QBLevi,37,月,17,23,0.0004047619047619048,0.0001369047619047619,1.5849367386930746
QBLevi,38,但在,5,8,0.00011904761904761905,4.761904761904762e-05,1.4150117372507622
QBLevi,39,地上,5,9,0.00011904761904761905,5.357142857142857e-05,1.2630086438057124
QBLevi,40,系统,5,9,0.00011904761904761905,5.357142857142857e-05,1.2630086438057124
QBLevi,41,迅速,5,9,0.00011904761904761905,5.357142857142857e-05,1.2630086438057124
QBLevi,42,便,6,11,0.00014285714285714287,6.547619047619048e-05,1.2223666593083664
QBLevi,43,日,11,20,0.0002619047619047619,0.00011904761904761905,1.1926193159143146
QBLevi,44,起来,8,15,0.00019047619047619048,8.928571428571429e-05,1.1698992394142307
QBLevi,45,你是,5,10,0.00011904761904761905,5.9523809523809524e-05,1.1255051200557773
QBLevi,46,发生了,5,10,0.00011904761904761905,5.9523809523809524e-05,1.1255051200557773
QBLevi,47,的声音,5,10,0.00011904761904761905,5.9523809523809524e-05,1.1255051200557773
QBLevi,48,出现在,6,12,0.00014285714285714287,7.142857142857143e-05,1.1068894418884303
QBLevi,49,你们,25,50,0.0005952380952380953,0.00029761904761904765,1.0279886141415149
QBLevi,50,计划,7,15,0.00016666666666666666,8.928571428571429e-05,0.9999742379719184
QBLevi,51,了一个,6,13,0.00014285714285714287,7.738095238095238e-05,0.9999742379719184
QBLevi,52,研究员,6,13,0.00014285714285714287,7.738095238095238e-05,0.9999742379719184
QBLevi,53,了什么,5,11,0.00011904761904761905,6.547619047619048e-05,0.9999742379719183
QBLevi,54,删除,5,11,0.00011904761904761905,6.547619047619048e-05,0.9999742379719183
QBLevi,55,那是,5,11,0.00011904761904761905,6.547619047619048e-05,0.9999742379719183
QBLevi,56,有些,6,14,0.00014285714285714287,8.333333333333333e-05,0.9004385644210039
QBLevi,57,目标,5,12,0.00011904761904761905,7.142857142857143e-05,0.8844970205519822
QBLevi,58,虽然,11,26,0.0002619047619047619,0.00015476190476190475,0.830049236529606
QBLevi,59,带,6,15,0.00014285714285714287,8.928571428571429e-05,0.8073291600295226
QBLevi,60,本,6,15,0.00014285714285714287,8.928571428571429e-05,0.8073291600295226
QBLevi,61,自,5,13,0.00011904761904761905,7.738095238095238e-05,0.7775818166354704
QBLevi,62,许多,5,13,0.00011904761904761905,7.738095238095238e-05,0.7775818166354704
QBLevi,63,整个,7,18,0.00016666666666666666,0.00010714285714285714,0.7520467245283328
QBLevi,64,分部,6,16,0.00014285714285714287,9.523809523809524e-05,0.7198663187791832
QBLevi,65,那些,6,16,0.00014285714285714287,9.523809523809524e-05,0.7198663187791832
QBLevi,66,站点,8,21,0.00019047619047619048,0.000125,0.7104676207769335
QBLevi,67,特工,10,26,0.0002380952380952381,0.00015476190476190475,0.7045183544457472
QBLevi,68,我们的,12,32,0.00028571428571428574,0.00019047619047619048,0.6560198367545571
QBLevi,69,这里,10,28,0.0002380952380952381,0.00016666666666666666,0.6014248614816434
QBLevi,70,要,16,44,0.00038095238095238096,0.0002619047619047619,0.5955839828925831
QBLevi,71,她,19,54,0.00045238095238095237,0.0003214285714285714,0.5405426193346211
QBLevi,72,已,15,44,0.00035714285714285714,0.0002619047619047619,0.5081211416422435
QBLevi,73,点,5,16,0.00011904761904761905,9.523809523809524e-05,0.49747389744273524
QBLevi,74,不知道,6,19,0.00014285714285714287,0.00011309523809523809,0.4854010651421603
QBLevi,75,全部,6,19,0.00014285714285714287,0.00011309523809523809,0.4854010651421603
QBLevi,76,能力,6,19,0.00014285714285714287,0.00011309523809523809,0.4854010651421603
QBLevi,77,着,32,96,0.0007619047619047619,0.0005714285714285715,0.444455515143244
QBLevi,78,到了,5,17,0.00011904761904761905,0.0001011904761904762,0.4150117372507622
QBLevi,79,自己的,10,33,0.0002380952380952381,0.00019642857142857144,0.37194301535887625
QBLevi,80,还,23,74,0.0005476190476190477,0.00044047619047619046,0.35611804819719345
QBLevi,81,知道,13,43,0.0003095238095238095,0.00025595238095238096,0.34789754139222545
QBLevi,82,好,19,62,0.00045238095238095237,0.00036904761904761905,0.3446224093593642
QBLevi,83,文明,5,18,0.00011904761904761905,0.00010714285714285714,0.337009225249489
QBLevi,84,最后,14,48,0.0003333333333333333,0.00028571428571428574,0.2921549894652287
QBLevi,85,上的,6,22,0.00014285714285714287,0.00013095238095238096,0.28376720397250976
QBLevi,86,他,25,85,0.0005952380952380953,0.0005059523809523809,0.2741492014109126
QBLevi,87,非常,5,19,0.00011904761904761905,0.00011309523809523809,0.2630086438057123
QBLevi,88,你的,7,26,0.00016666666666666666,0.00015476190476190475,0.24508673580844986
QBLevi,89,人类,10,38,0.0002380952380952381,0.00022619047619047618,0.1740036377469672
QBLevi,90,一下,6,24,0.00014285714285714287,0.00014285714285714287,0.1634729702547977
QBLevi,91,里面,6,24,0.00014285714285714287,0.00014285714285714287,0.1634729702547977
QBLevi,92,看到,7,28,0.00016666666666666666,0.00016666666666666666,0.14199324284434603
QBLevi,93,是否,5,21,0.00011904761904761905,0.000125,0.12550512005577721
QBLevi,94,记忆,6,25,0.00014285714285714287,0.00014880952380952382,0.10688944188843029
QBLevi,95,得,8,33,0.00019047619047619048,0.00019642857142857144,0.08243639816389144
QBLevi,96,如果,10,41,0.0002380952380952381,0.00024404761904761905,0.06708843383045525
QBLevi,97,我们,39,153,0.0009285714285714286,0.0009107142857142857,0.055115792164379576
QBLevi,98,发生,9,38,0.00021428571428571427,0.00022619047619047618,0.03650011399703241
QBLevi,99,但,40,159,0.0009523809523809524,0.0009464285714285715,0.03559814770263971
QBLevi,100,地,17,70,0.0004047619047619048,0.0004166666666666667,0.020152119909548717
Re_spectators,1,红存在,18,0,0.00042857142857142855,0.0,6.247901751415504
Re_spectators,2,黑存在,16,0,0.00038095238095238096,0.0,6.087437079222258
Re_spectators,3,林桢,12,0,0.00028571428571428574,0.0,5.70041395611301
Re_spectators,4,分子,11,0,0.0002619047619047619,0.0,5.584936738693075
Re_spectators,5,盐沼,11,0,0.0002619047619047619,0.0,5.584936738693075
Re_spectators,6,论证,11,0,0.0002619047619047619,0.0,5.584936738693075
Re_spectators,7,毕达哥拉斯,10,0,0.0002380952380952381,0.0,5.459405856609216
Re_spectators,8,已知,9,0,0.00021428571428571427,0.0,5.321902332859281
Re_spectators,9,正在查看,9,0,0.00021428571428571427,0.0,5.321902332859281
Re_spectators,10,迭代创建于,9,0,0.00021428571428571427,0.0,5.321902332859281
Re_spectators,11,迭代,44,4,0.0010476190476190477,2.380952380952381e-05,5.169899239414231
Re_spectators,12,你正在查看,8,0,0.00019047619047619048,0.0,5.169899239414231
Re_spectators,13,协议已编辑,8,0,0.00019047619047619048,0.0,5.169899239414231
Re_spectators,14,本文的,8,0,0.00019047619047619048,0.0,5.169899239414231
Re_spectators,15,查看的是,8,0,0.00019047619047619048,0.0,5.169899239414231
Re_spectators,16,样品,8,0,0.00019047619047619048,0.0,5.169899239414231
Re_spectators,17,正在查看的是本文,8,0,0.00019047619047619048,0.0,5.169899239414231
Re_spectators,18,硅,8,0,0.00019047619047619048,0.0,5.169899239414231
Re_spectators,19,碳基,8,0,0.00019047619047619048,0.0,5.169899239414231
Re_spectators,20,章节,8,0,0.00019047619047619048,0.0,5.169899239414231
Re_spectators,21,级现实,8,0,0.00019047619047619048,0.0,5.169899239414231
Re_spectators,22,该迭代创建于,8,0,0.00019047619047619048,0.0,5.169899239414231
Re_spectators,23,重构,8,0,0.00019047619047619048,0.0,5.169899239414231
Re_spectators,24,加载,15,1,0.00035714285714285714,5.9523809523809525e-06,4.9999742379719185
Re_spectators,25,之神教会,7,0,0.00016666666666666666,0.0,4.9999742379719185
Re_spectators,26,休谟,7,0,0.00016666666666666666,0.0,4.9999742379719185
Re_spectators,27,保险,7,0,0.00016666666666666666,0.0,4.9999742379719185
Re_spectators,28,地西泮,7,0,0.00016666666666666666,0.0,4.9999742379719185
Re_spectators,29,存在性,7,0,0.00016666666666666666,0.0,4.9999742379719185
Re_spectators,30,宇宙的,7,0,0.00016666666666666666,0.0,4.9999742379719185
Re_spectators,31,完毕,7,0,0.00016666666666666666,0.0,4.9999742379719185
Re_spectators,32,已经被,7,0,0.00016666666666666666,0.0,4.9999742379719185
Re_spectators,33,指数,7,0,0.00016666666666666666,0.0,4.9999742379719185
Re_spectators,34,是本文的,7,0,0.00016666666666666666,0.0,4.9999742379719185
Re_spectators,35,查看的是本文,7,0,0.00016666666666666666,0.0,4.9999742379719185
Re_spectators,36,正在查看的是,7,0,0.00016666666666666666,0.0,4.9999742379719185
Re_spectators,37,毕达哥拉斯院,7,0,0.00016666666666666666,0.0,4.9999742379719185
Re_spectators,38,硅基,7,0,0.00016666666666666666,0.0,4.9999742379719185
Re_spectators,39,论证机关,7,0,0.00016666666666666666,0.0,4.9999742379719185
Re_spectators,40,该迭代创建,7,0,0.00016666666666666666,0.0,4.9999742379719185
Re_spectators,41,不具有,6,0,0.00014285714285714287,0.0,4.807329160029522
Re_spectators,42,之鸟,6,0,0.00014285714285714287,0.0,4.807329160029522
Re_spectators,43,亿年前,6,0,0.00014285714285714287,0.0,4.807329160029522
Re_spectators,44,仪式的,6,0,0.00014285714285714287,0.0,4.807329160029522
Re_spectators,45,创建于,6,0,0.00014285714285714287,0.0,4.807329160029522
Re_spectators,46,加载中,6,0,0.00014285714285714287,0.0,4.807329160029522
Re_spectators,47,加载完毕,6,0,0.00014285714285714287,0.0,4.807329160029522
Re_spectators,48,存在与,6,0,0.00014285714285714287,0.0,4.807329160029522
Re_spectators,49,存在论证,6,0,0.00014285714285714287,0.0,4.807329160029522
Re_spectators,50,带感,6,0,0.00014285714285714287,0.0,4.807329160029522
Re_spectators,51,性论证,6,0,0.00014285714285714287,0.0,4.807329160029522
Re_spectators,52,是否查看,6,0,0.00014285714285714287,0.0,4.807329160029522
Re_spectators,53,是本文,6,0,0.00014285714285714287,0.0,4.807329160029522
Re_spectators,54,档案中,6,0,0.00014285714285714287,0.0,4.807329160029522
Re_spectators,55,热力学,6,0,0.00014285714285714287,0.0,4.807329160029522
Re_spectators,56,现实存在性,6,0,0.00014285714285714287,0.0,4.807329160029522
Re_spectators,57,的作用,6,0,0.00014285714285714287,0.0,4.807329160029522
Re_spectators,58,的是本文的,6,0,0.00014285714285714287,0.0,4.807329160029522
Re_spectators,59,迭代加载完毕,6,0,0.00014285714285714287,0.0,4.807329160029522
Re_spectators,60,青鸟,6,0,0.00014285714285714287,0.0,4.807329160029522
Re_spectators,61,麦司卡林,6,0,0.00014285714285714287,0.0,4.807329160029522
Re_spectators,62,基准,12,1,0.00028571428571428574,5.9523809523809525e-06,4.70041395611301
Re_spectators,63,查看,17,2,0.0004047619047619048,1.1904761904761905e-05,4.584936738693075
Re_spectators,64,之神的,5,0,0.00011904761904761905,0.0,4.584936738693075
Re_spectators,65,了黑,5,0,0.00011904761904761905,0.0,4.584936738693075
Re_spectators,66,介电常数,5,0,0.00011904761904761905,0.0,4.584936738693075
Re_spectators,67,你正在查看的,5,0,0.00011904761904761905,0.0,4.584936738693075
Re_spectators,68,信仰,5,0,0.00011904761904761905,0.0,4.584936738693075
Re_spectators,69,化学,5,0,0.00011904761904761905,0.0,4.584936738693075
Re_spectators,70,存在于,5,0,0.00011904761904761905,0.0,4.584936738693075
Re_spectators,71,就已经,5,0,0.00011904761904761905,0.0,4.584936738693075
Re_spectators,72,循环,5,0,0.00011904761904761905,0.0,4.584936738693075
Re_spectators,73,性被,5,0,0.00011904761904761905,0.0,4.584936738693075
Re_spectators,74,意志,5,0,0.00011904761904761905,0.0,4.584936738693075
Re_spectators,75,执行人,5,0,0.00011904761904761905,0.0,4.584936738693075
Re_spectators,76,收容等级,5,0,0.00011904761904761905,0.0,4.584936738693075
Re_spectators,77,无线电波,5,0,0.00011904761904761905,0.0,4.584936738693075
Re_spectators,78,显示屏显示,5,0,0.00011904761904761905,0.0,4.584936738693075
Re_spectators,79,欢迎回来,5,0,0.00011904761904761905,0.0,4.584936738693075
Re_spectators,80,正在查看的,5,0,0.00011904761904761905,0.0,4.584936738693075
Re_spectators,81,现时,5,0,0.00011904761904761905,0.0,4.584936738693075
Re_spectators,82,白𬶨,5,0,0.00011904761904761905,0.0,4.584936738693075
Re_spectators,83,的复杂,5,0,0.00011904761904761905,0.0,4.584936738693075
Re_spectators,84,的破碎,5,0,0.00011904761904761905,0.0,4.584936738693075
Re_spectators,85,的记载,5,0,0.00011904761904761905,0.0,4.584936738693075
Re_spectators,86,盐沼的,5,0,0.00011904761904761905,0.0,4.584936738693075
Re_spectators,87,科技水平,5,0,0.00011904761904761905,0.0,4.584936738693075
Re_spectators,88,级现实重构,5,0,0.00011904761904761905,0.0,4.584936738693075
Re_spectators,89,绝对的,5,0,0.00011904761904761905,0.0,4.584936738693075
Re_spectators,90,表示某一,5,0,0.00011904761904761905,0.0,4.584936738693075
Re_spectators,91,𬶨,5,0,0.00011904761904761905,0.0,4.584936738693075
Re_spectators,92,𬶨豚,5,0,0.00011904761904761905,0.0,4.584936738693075
Re_spectators,93,院,10,1,0.0002380952380952381,5.9523809523809525e-06,4.459405856609216
Re_spectators,94,查看的,9,1,0.00021428571428571427,5.9523809523809525e-06,4.321902332859281
Re_spectators,95,现实存在,9,1,0.00021428571428571427,5.9523809523809525e-06,4.321902332859281
Re_spectators,96,的结果,9,1,0.00021428571428571427,5.9523809523809525e-06,4.321902332859281
Re_spectators,97,表明,9,1,0.00021428571428571427,5.9523809523809525e-06,4.321902332859281
Re_spectators,98,黑,18,3,0.00042857142857142855,1.785714285714286e-05,4.247901751415504
Re_spectators,99,休谟指数,8,1,0.00019047619047619048,5.9523809523809525e-06,4.169899239414231
Re_spectators,100,基准现实,8,1,0.00019047619047619048,5.9523809523809525e-06,4.169899239414231
breaddddd,1,对特定,43,0,0.0010238095238095238,0.0,7.459405856609216
breaddddd,2,魔法,21,0,0.0005,0.0,6.459405856609216
breaddddd,3,本店,15,0,0.00035714285714285714,0.0,5.9999742379719185
breaddddd,4,营业时间,13,0,0.0003095238095238095,0.0,5.807329160029522
breaddddd,5,拍摄,10,0,0.0002380952380952381,0.0,5.459405856609216
breaddddd,6,作者未,9,0,0.00021428571428571427,0.0,5.321902332859281
breaddddd,7,未给出,9,0,0.00021428571428571427,0.0,5.321902332859281
breaddddd,8,题目,9,0,0.00021428571428571427,0.0,5.321902332859281
breaddddd,9,动画,8,0,0.00019047619047619048,0.0,5.169899239414231
breaddddd,10,未给出介绍,8,0,0.00019047619047619048,0.0,5.169899239414231
breaddddd,11,魔法少女,8,0,0.00019047619047619048,0.0,5.169899239414231
breaddddd,12,特遣队,55,6,0.0013095238095238095,3.571428571428572e-05,4.9999742379719185
breaddddd,13,三明治,7,0,0.00016666666666666666,0.0,4.9999742379719185
breaddddd,14,作者未给出,7,0,0.00016666666666666666,0.0,4.9999742379719185
breaddddd,15,作者未给出介绍,7,0,0.00016666666666666666,0.0,4.9999742379719185
breaddddd,16,学校,7,0,0.00016666666666666666,0.0,4.9999742379719185
breaddddd,17,菜品,7,0,0.00016666666666666666,0.0,4.9999742379719185
breaddddd,18,顾客,14,1,0.0003333333333333333,5.9523809523809525e-06,4.906864833580437
breaddddd,19,人事,6,0,0.00014285714285714287,0.0,4.807329160029522
breaddddd,20,关闭记录,6,0,0.00014285714285714287,0.0,4.807329160029522
breaddddd,21,四人,6,0,0.00014285714285714287,0.0,4.807329160029522
breaddddd,22,工作室,6,0,0.00014285714285714287,0.0,4.807329160029522
breaddddd,23,搬运,6,0,0.00014285714285714287,0.0,4.807329160029522
breaddddd,24,给出介绍,6,0,0.00014285714285714287,0.0,4.807329160029522
breaddddd,25,自毁,6,0,0.00014285714285714287,0.0,4.807329160029522
breaddddd,26,论坛,6,0,0.00014285714285714287,0.0,4.807329160029522
breaddddd,27,转化,6,0,0.00014285714285714287,0.0,4.807329160029522
breaddddd,28,选,6,0,0.00014285714285714287,0.0,4.807329160029522
breaddddd,29,庚午,12,1,0.00028571428571428574,5.9523809523809525e-06,4.70041395611301
breaddddd,30,满意,12,1,0.00028571428571428574,5.9523809523809525e-06,4.70041395611301
breaddddd,31,总之,11,1,0.0002619047619047619,5.9523809523809525e-06,4.584936738693075
breaddddd,32,个体将,5,0,0.00011904761904761905,0.0,4.584936738693075
breaddddd,33,反转,5,0,0.00011904761904761905,0.0,4.584936738693075
breaddddd,34,合成材料,5,0,0.00011904761904761905,0.0,4.584936738693075
breaddddd,35,喵,5,0,0.00011904761904761905,0.0,4.584936738693075
breaddddd,36,小卖部,5,0,0.00011904761904761905,0.0,4.584936738693075
breaddddd,37,感想,5,0,0.00011904761904761905,0.0,4.584936738693075
breaddddd,38,替换,5,0,0.00011904761904761905,0.0,4.584936738693075
breaddddd,39,楼层,5,0,0.00011904761904761905,0.0,4.584936738693075
breaddddd,40,演绎部,5,0,0.00011904761904761905,0.0,4.584936738693075
breaddddd,41,甲子,5,0,0.00011904761904761905,0.0,4.584936738693075
breaddddd,42,的魔法,5,0,0.00011904761904761905,0.0,4.584936738693075
breaddddd,43,这部,5,0,0.00011904761904761905,0.0,4.584936738693075
breaddddd,44,算是,10,1,0.0002380952380952381,5.9523809523809525e-06,4.459405856609216
breaddddd,45,少女,9,1,0.00021428571428571427,5.9523809523809525e-06,4.321902332859281
breaddddd,46,精品,13,2,0.0003095238095238095,1.1904761904761905e-05,4.222366659308366
breaddddd,47,学生,8,1,0.00019047619047619048,5.9523809523809525e-06,4.169899239414231
breaddddd,48,水晶,8,1,0.00019047619047619048,5.9523809523809525e-06,4.169899239414231
breaddddd,49,特定,39,8,0.0009285714285714286,4.761904761904762e-05,4.151977331416968
breaddddd,50,游戏,12,2,0.00028571428571428574,1.1904761904761905e-05,4.115451455391854
breaddddd,51,餐厅,11,2,0.0002619047619047619,1.1904761904761905e-05,3.999974237971918
breaddddd,52,层,37,9,0.0008809523809523809,5.357142857142857e-05,3.9259736565281416
breaddddd,53,竞赛,14,3,0.0003333333333333333,1.785714285714286e-05,3.9068648335804372
breaddddd,54,啥,10,2,0.0002380952380952381,1.1904761904761905e-05,3.8744433558880593
breaddddd,55,面包,10,2,0.0002380952380952381,1.1904761904761905e-05,3.8744433558880593
breaddddd,56,居民,6,1,0.00014285714285714287,5.9523809523809525e-06,3.8073291600295227
breaddddd,57,折叠内容,6,1,0.00014285714285714287,5.9523809523809525e-06,3.8073291600295227
breaddddd,58,电脑,6,1,0.00014285714285714287,5.9523809523809525e-06,3.8073291600295227
breaddddd,59,道具,6,1,0.00014285714285714287,5.9523809523809525e-06,3.8073291600295227
breaddddd,60,生产,9,2,0.00021428571428571427,1.1904761904761905e-05,3.7369398321381246
breaddddd,61,给出,12,3,0.00028571428571428574,1.785714285714286e-05,3.7004139561130107
breaddddd,62,大概,18,5,0.00042857142857142855,2.9761904761904762e-05,3.6629392506943477
breaddddd,63,主站,5,1,0.00011904761904761905,5.9523809523809525e-06,3.5849367386930746
breaddddd,64,书,5,1,0.00011904761904761905,5.9523809523809525e-06,3.5849367386930746
breaddddd,65,内容可能,5,1,0.00011904761904761905,5.9523809523809525e-06,3.5849367386930746
breaddddd,66,印象,5,1,0.00011904761904761905,5.9523809523809525e-06,3.5849367386930746
breaddddd,67,性质的,5,1,0.00011904761904761905,5.9523809523809525e-06,3.5849367386930746
breaddddd,68,战斗,5,1,0.00011904761904761905,5.9523809523809525e-06,3.5849367386930746
breaddddd,69,梦境,5,1,0.00011904761904761905,5.9523809523809525e-06,3.5849367386930746
breaddddd,70,比赛,5,1,0.00011904761904761905,5.9523809523809525e-06,3.5849367386930746
breaddddd,71,玩家,5,1,0.00011904761904761905,5.9523809523809525e-06,3.5849367386930746
breaddddd,72,的物品,5,1,0.00011904761904761905,5.9523809523809525e-06,3.5849367386930746
breaddddd,73,隶属于,5,1,0.00011904761904761905,5.9523809523809525e-06,3.5849367386930746
breaddddd,74,食物,5,1,0.00011904761904761905,5.9523809523809525e-06,3.5849367386930746
breaddddd,75,构思,10,3,0.0002380952380952381,1.785714285714286e-05,3.4594058566092154
breaddddd,76,简介,7,2,0.00016666666666666666,1.1904761904761905e-05,3.415011737250762
breaddddd,77,不明,12,4,0.00028571428571428574,2.380952380952381e-05,3.3784858612256485
breaddddd,78,的设定,11,4,0.0002619047619047619,2.380952380952381e-05,3.2630086438057124
breaddddd,79,同样,13,5,0.0003095238095238095,2.9761904761904762e-05,3.222366659308366
breaddddd,80,翻译,13,5,0.0003095238095238095,2.9761904761904762e-05,3.222366659308366
breaddddd,81,你也,6,2,0.00014285714285714287,1.1904761904761905e-05,3.222366659308366
breaddddd,82,实际上,6,2,0.00014285714285714287,1.1904761904761905e-05,3.222366659308366
breaddddd,83,展开,6,2,0.00014285714285714287,1.1904761904761905e-05,3.222366659308366
breaddddd,84,按钮,6,2,0.00014285714285714287,1.1904761904761905e-05,3.222366659308366
breaddddd,85,研究人员,6,2,0.00014285714285714287,1.1904761904761905e-05,3.222366659308366
breaddddd,86,肉,6,2,0.00014285714285714287,1.1904761904761905e-05,3.222366659308366
breaddddd,87,周,8,3,0.00019047619047619048,1.785714285714286e-05,3.1698992394142307
breaddddd,88,写的,10,4,0.0002380952380952381,2.380952380952381e-05,3.137477761721853
breaddddd,89,工作人员,10,4,0.0002380952380952381,2.380952380952381e-05,3.137477761721853
breaddddd,90,写,62,28,0.0014761904761904762,0.00016666666666666666,3.119273166344263
breaddddd,91,故事,31,15,0.0007380952380952381,8.928571428571429e-05,2.9999742379719185
breaddddd,92,喜欢,19,9,0.00045238095238095237,5.357142857142857e-05,2.9999742379719185
breaddddd,93,本来,9,4,0.00021428571428571427,2.380952380952381e-05,2.9999742379719185
breaddddd,94,一系列,7,3,0.00016666666666666666,1.785714285714286e-05,2.9999742379719185
breaddddd,95,介绍,7,3,0.00016666666666666666,1.785714285714286e-05,2.9999742379719185
breaddddd,96,关闭,7,3,0.00016666666666666666,1.785714285714286e-05,2.9999742379719185
breaddddd,97,出现的,7,3,0.00016666666666666666,1.785714285714286e-05,2.9999742379719185
breaddddd,98,合作,7,3,0.00016666666666666666,1.785714285714286e-05,2.9999742379719185
breaddddd,99,的吗,11,5,0.0002619047619047619,2.9761904761904762e-05,2.999974237971918
breaddddd,100,啦,5,2,0.00011904761904761905,1.1904761904761905e-05,2.999974237971918
