author,scope,rank,target,count,share
Agent Phage,All,1,的,570,0.013571428571428571
Agent Phage,All,2,了,168,0.004
Agent Phage,All,3,在,126,0.003
Agent Phage,All,4,是,95,0.002261904761904762
Agent Phage,All,5,我,91,0.0021666666666666666
Agent Phage,All,6,你,88,0.0020952380952380953
Agent Phage,All,7,与,56,0.0013333333333333333
Agent Phage,All,8,被,55,0.0013095238095238095
Agent Phage,All,9,也,49,0.0011666666666666668
Agent Phage,All,10,对,48,0.001142857142857143
Agent Phage,All,11,我们,48,0.001142857142857143
Agent Phage,All,12,这,47,0.0011190476190476191
Agent Phage,All,13,有,43,0.0010238095238095238
Agent Phage,All,14,她,40,0.0009523809523809524
Agent Phage,All,15,就,36,0.0008571428571428571
Agent Phage,All,16,将,35,0.0008333333333333334
Agent Phage,All,17,着,34,0.0008095238095238096
Agent Phage,All,18,不,33,0.0007857142857142857
Agent Phage,All,19,没有,32,0.0007619047619047619
Agent Phage,All,20,会,31,0.0007380952380952381
Agent Phage,All,21,他们,29,0.0006904761904761905
Agent Phage,All,22,但,29,0.0006904761904761905
Agent Phage,All,23,异常,29,0.0006904761904761905
Agent Phage,All,24,而,29,0.0006904761904761905
Agent Phage,All,25,自己,29,0.0006904761904761905
Agent Phage,All,26,都,29,0.0006904761904761905
Agent Phage,All,27,上,28,0.0006666666666666666
Agent Phage,All,28,什么,28,0.0006666666666666666
Agent Phage,All,29,说,27,0.0006428571428571428
Agent Phage,All,30,并,26,0.000619047619047619
Agent Phage,All,31,相关,26,0.000619047619047619
Agent Phage,All,32,进行,26,0.000619047619047619
Agent Phage,All,33,那,26,0.000619047619047619
Agent Phage,All,34,一个,24,0.0005714285714285715
Agent Phage,All,35,到,24,0.0005714285714285715
Agent Phage,All,36,实体,24,0.0005714285714285715
Agent Phage,All,37,收容,24,0.0005714285714285715
Agent Phage,All,38,这个,24,0.0005714285714285715
Agent Phage,All,39,可能,23,0.0005476190476190477
Agent Phage,All,40,后,23,0.0005476190476190477
Agent Phage,All,41,该,23,0.0005476190476190477
Agent Phage,All,42,人,22,0.0005238095238095238
Agent Phage,All,43,啊,22,0.0005238095238095238
Agent Phage,All,44,把,22,0.0005238095238095238
Agent Phage,All,45,其,21,0.0005
Agent Phage,All,46,基金会,21,0.0005
Agent Phage,All,47,项目,21,0.0005
Agent Phage,All,48,不是,20,0.0004761904761904762
Agent Phage,All,49,他,20,0.0004761904761904762
Agent Phage,All,50,就是,20,0.0004761904761904762
Agent Phage,All,51,没,20,0.0004761904761904762
Agent Phage,All,52,能,20,0.0004761904761904762
Agent Phage,All,53,人员,19,0.00045238095238095237
Agent Phage,All,54,很,19,0.00045238095238095237
Agent Phage,All,55,您,19,0.00045238095238095237
Agent Phage,All,56,掩盖,19,0.00045238095238095237
Agent Phage,All,57,下,18,0.00042857142857142855
Agent Phage,All,58,和,18,0.00042857142857142855
Agent Phage,All,59,最终,18,0.00042857142857142855
Agent Phage,All,60,可以,17,0.0004047619047619048
Agent Phage,All,61,吗,17,0.0004047619047619048
Agent Phage,All,62,一,16,0.00038095238095238096
Agent Phage,All,63,为,16,0.00038095238095238096
Agent Phage,All,64,如果,16,0.00038095238095238096
Agent Phage,All,65,情况,16,0.00038095238095238096
Agent Phage,All,66,还,16,0.00038095238095238096
Agent Phage,All,67,这些,16,0.00038095238095238096
Agent Phage,All,68,从,15,0.00035714285714285714
Agent Phage,All,69,以及,15,0.00035714285714285714
Agent Phage,All,70,出现,15,0.00035714285714285714
Agent Phage,All,71,吧,15,0.00035714285714285714
Agent Phage,All,72,好,15,0.00035714285714285714
Agent Phage,All,73,完全,15,0.00035714285714285714
Agent Phage,All,74,时,15,0.00035714285714285714
Agent Phage,All,75,真的,15,0.00035714285714285714
Agent Phage,All,76,也是,14,0.0003333333333333333
Agent Phage,All,77,于,14,0.0003333333333333333
Agent Phage,All,78,你们,14,0.0003333333333333333
Agent Phage,All,79,发现,14,0.0003333333333333333
Agent Phage,All,80,已经,14,0.0003333333333333333
Agent Phage,All,81,开始,14,0.0003333333333333333
Agent Phage,All,82,当时,14,0.0003333333333333333
Agent Phage,All,83,怎么,14,0.0003333333333333333
Agent Phage,All,84,所,14,0.0003333333333333333
Agent Phage,All,85,时间,14,0.0003333333333333333
Agent Phage,All,86,的人,14,0.0003333333333333333
Agent Phage,All,87,让,14,0.0003333333333333333
Agent Phage,All,88,这样,14,0.0003333333333333333
Agent Phage,All,89,里,14,0.0003333333333333333
Agent Phage,All,90,需要,14,0.0003333333333333333
Agent Phage,All,91,以,13,0.0003095238095238095
Agent Phage,All,92,又,13,0.0003095238095238095
Agent Phage,All,93,想,13,0.0003095238095238095
Agent Phage,All,94,时候,13,0.0003095238095238095
Agent Phage,All,95,这是,13,0.0003095238095238095
Agent Phage,All,96,中,12,0.00028571428571428574
Agent Phage,All,97,你的,12,0.00028571428571428574
Agent Phage,All,98,写,12,0.00028571428571428574
Agent Phage,All,99,它,12,0.00028571428571428574
Agent Phage,All,100,我的,12,0.00028571428571428574
Agent Phage,Fit,1,的,407,0.013566666666666666
Agent Phage,Fit,2,了,116,0.0038666666666666667
Agent Phage,Fit,3,在,93,0.0031
Agent Phage,Fit,4,我,66,0.0022
Agent Phage,Fit,5,你,64,0.0021333333333333334
Agent Phage,Fit,6,是,59,0.0019666666666666665
Agent Phage,Fit,7,被,46,0.0015333333333333334
Agent Phage,Fit,8,与,45,0.0015
Agent Phage,Fit,9,对,45,0.0015
Agent Phage,Fit,10,我们,38,0.0012666666666666666
Agent Phage,Fit,11,也,33,0.0011
Agent Phage,Fit,12,将,33,0.0011
Agent Phage,Fit,13,这,32,0.0010666666666666667
Agent Phage,Fit,14,她,31,0.0010333333333333334
Agent Phage,Fit,15,有,29,0.0009666666666666667
Agent Phage,Fit,16,会,27,0.0009
Agent Phage,Fit,17,相关,25,0.0008333333333333334
Agent Phage,Fit,18,着,24,0.0008
Agent Phage,Fit,19,上,23,0.0007666666666666667
Agent Phage,Fit,20,实体,23,0.0007666666666666667
Agent Phage,Fit,21,但,22,0.0007333333333333333
Agent Phage,Fit,22,收容,22,0.0007333333333333333
Agent Phage,Fit,23,而,22,0.0007333333333333333
Agent Phage,Fit,24,自己,22,0.0007333333333333333
Agent Phage,Fit,25,不,21,0.0007
Agent Phage,Fit,26,没有,21,0.0007
Agent Phage,Fit,27,什么,20,0.0006666666666666666
Agent Phage,Fit,28,后,20,0.0006666666666666666
Agent Phage,Fit,29,就,20,0.0006666666666666666
Agent Phage,Fit,30,该,20,0.0006666666666666666
Agent Phage,Fit,31,进行,20,0.0006666666666666666
Agent Phage,Fit,32,他们,19,0.0006333333333333333
Agent Phage,Fit,33,并,19,0.0006333333333333333
Agent Phage,Fit,34,异常,19,0.0006333333333333333
Agent Phage,Fit,35,项目,19,0.0006333333333333333
Agent Phage,Fit,36,一个,18,0.0006
Agent Phage,Fit,37,您,18,0.0006
Agent Phage,Fit,38,他,17,0.0005666666666666667
Agent Phage,Fit,39,可能,17,0.0005666666666666667
Agent Phage,Fit,40,能,17,0.0005666666666666667
Agent Phage,Fit,41,那,17,0.0005666666666666667
Agent Phage,Fit,42,人,16,0.0005333333333333334
Agent Phage,Fit,43,其,16,0.0005333333333333334
Agent Phage,Fit,44,到,16,0.0005333333333333334
Agent Phage,Fit,45,没,16,0.0005333333333333334
Agent Phage,Fit,46,这个,16,0.0005333333333333334
Agent Phage,Fit,47,下,15,0.0005
Agent Phage,Fit,48,不是,15,0.0005
Agent Phage,Fit,49,人员,15,0.0005
Agent Phage,Fit,50,把,15,0.0005
Agent Phage,Fit,51,说,15,0.0005
Agent Phage,Fit,52,发现,14,0.00046666666666666666
Agent Phage,Fit,53,最终,14,0.00046666666666666666
Agent Phage,Fit,54,都,14,0.00046666666666666666
Agent Phage,Fit,55,一,13,0.0004333333333333333
Agent Phage,Fit,56,为,13,0.0004333333333333333
Agent Phage,Fit,57,从,13,0.0004333333333333333
Agent Phage,Fit,58,你们,13,0.0004333333333333333
Agent Phage,Fit,59,基金会,13,0.0004333333333333333
Agent Phage,Fit,60,情况,13,0.0004333333333333333
Agent Phage,Fit,61,出现,12,0.0004
Agent Phage,Fit,62,很,12,0.0004
Agent Phage,Fit,63,这些,12,0.0004
Agent Phage,Fit,64,于,11,0.00036666666666666667
Agent Phage,Fit,65,以,11,0.00036666666666666667
Agent Phage,Fit,66,和,11,0.00036666666666666667
Agent Phage,Fit,67,如果,11,0.00036666666666666667
Agent Phage,Fit,68,无法,11,0.00036666666666666667
Agent Phage,Fit,69,时,11,0.00036666666666666667
Agent Phage,Fit,70,现在,11,0.00036666666666666667
Agent Phage,Fit,71,真的,11,0.00036666666666666667
Agent Phage,Fit,72,还,11,0.00036666666666666667
Agent Phage,Fit,73,中,10,0.0003333333333333333
Agent Phage,Fit,74,也是,10,0.0003333333333333333
Agent Phage,Fit,75,内,10,0.0003333333333333333
Agent Phage,Fit,76,吗,10,0.0003333333333333333
Agent Phage,Fit,77,奇术,10,0.0003333333333333333
Agent Phage,Fit,78,已经,10,0.0003333333333333333
Agent Phage,Fit,79,开始,10,0.0003333333333333333
Agent Phage,Fit,80,想,10,0.0003333333333333333
Agent Phage,Fit,81,我的,10,0.0003333333333333333
Agent Phage,Fit,82,的异常,10,0.0003333333333333333
Agent Phage,Fit,83,需要,10,0.0003333333333333333
Agent Phage,Fit,84,一下,9,0.0003
Agent Phage,Fit,85,不过,9,0.0003
Agent Phage,Fit,86,以及,9,0.0003
Agent Phage,Fit,87,可以,9,0.0003
Agent Phage,Fit,88,多,9,0.0003
Agent Phage,Fit,89,好,9,0.0003
Agent Phage,Fit,90,存在,9,0.0003
Agent Phage,Fit,91,它,9,0.0003
Agent Phage,Fit,92,完全,9,0.0003
Agent Phage,Fit,93,所,9,0.0003
Agent Phage,Fit,94,攻击,9,0.0003
Agent Phage,Fit,95,的人,9,0.0003
Agent Phage,Fit,96,至,9,0.0003
Agent Phage,Fit,97,让,9,0.0003
Agent Phage,Fit,98,记录,9,0.0003
Agent Phage,Fit,99,这是,9,0.0003
Agent Phage,Fit,100,里,9,0.0003
Agent Phage,Validation,1,的,52,0.013
Agent Phage,Validation,2,了,19,0.00475
Agent Phage,Validation,3,在,16,0.004
Agent Phage,Validation,4,你,11,0.00275
Agent Phage,Validation,5,是,11,0.00275
Agent Phage,Validation,6,有,8,0.002
Agent Phage,Validation,7,不,7,0.00175
Agent Phage,Validation,8,也,7,0.00175
Agent Phage,Validation,9,我,7,0.00175
Agent Phage,Validation,10,都,7,0.00175
Agent Phage,Validation,11,这,6,0.0015
Agent Phage,Validation,12,他们,5,0.00125
Agent Phage,Validation,13,怎么,5,0.00125
Agent Phage,Validation,14,一个,4,0.001
Agent Phage,Validation,15,什么,4,0.001
Agent Phage,Validation,16,你的,4,0.001
Agent Phage,Validation,17,其,4,0.001
Agent Phage,Validation,18,写,4,0.001
Agent Phage,Validation,19,到,4,0.001
Agent Phage,Validation,20,又,4,0.001
Agent Phage,Validation,21,吗,4,0.001
Agent Phage,Validation,22,啊,4,0.001
Agent Phage,Validation,23,她,4,0.001
Agent Phage,Validation,24,就是,4,0.001
Agent Phage,Validation,25,所以,4,0.001
Agent Phage,Validation,26,没有,4,0.001
Agent Phage,Validation,27,着,4,0.001
Agent Phage,Validation,28,许多,4,0.001
Agent Phage,Validation,29,说,4,0.001
Agent Phage,Validation,30,里,4,0.001
Agent Phage,Validation,31,与,3,0.00075
Agent Phage,Validation,32,便乘机,3,0.00075
Agent Phage,Validation,33,出来,3,0.00075
Agent Phage,Validation,34,吧,3,0.00075
Agent Phage,Validation,35,呢,3,0.00075
Agent Phage,Validation,36,季思焚,3,0.00075
Agent Phage,Validation,37,当时,3,0.00075
Agent Phage,Validation,38,感觉,3,0.00075
Agent Phage,Validation,39,我们,3,0.00075
Agent Phage,Validation,40,时,3,0.00075
Agent Phage,Validation,41,时候,3,0.00075
Agent Phage,Validation,42,有趣,3,0.00075
Agent Phage,Validation,43,没,3,0.00075
Agent Phage,Validation,44,爆发点,3,0.00075
Agent Phage,Validation,45,的嘛,3,0.00075
Agent Phage,Validation,46,站点,3,0.00075
Agent Phage,Validation,47,而,3,0.00075
Agent Phage,Validation,48,这个,3,0.00075
Agent Phage,Validation,49,那,3,0.00075
Agent Phage,Validation,50,上,2,0.0005
Agent Phage,Validation,51,不得了,2,0.0005
Agent Phage,Validation,52,东西,2,0.0005
Agent Phage,Validation,53,个,2,0.0005
Agent Phage,Validation,54,个人,2,0.0005
Agent Phage,Validation,55,为,2,0.0005
Agent Phage,Validation,56,为什么,2,0.0005
Agent Phage,Validation,57,之前,2,0.0005
Agent Phage,Validation,58,以及,2,0.0005
Agent Phage,Validation,59,但,2,0.0005
Agent Phage,Validation,60,但是,2,0.0005
Agent Phage,Validation,61,作品,2,0.0005
Agent Phage,Validation,62,信心,2,0.0005
Agent Phage,Validation,63,创作,2,0.0005
Agent Phage,Validation,64,去,2,0.0005
Agent Phage,Validation,65,只是,2,0.0005
Agent Phage,Validation,66,后,2,0.0005
Agent Phage,Validation,67,周围,2,0.0005
Agent Phage,Validation,68,味道,2,0.0005
Agent Phage,Validation,69,和,2,0.0005
Agent Phage,Validation,70,因为,2,0.0005
Agent Phage,Validation,71,因为我,2,0.0005
Agent Phage,Validation,72,士兵,2,0.0005
Agent Phage,Validation,73,学会,2,0.0005
Agent Phage,Validation,74,它,2,0.0005
Agent Phage,Validation,75,它便宜,2,0.0005
Agent Phage,Validation,76,定制者,2,0.0005
Agent Phage,Validation,77,对,2,0.0005
Agent Phage,Validation,78,就,2,0.0005
Agent Phage,Validation,79,待,2,0.0005
Agent Phage,Validation,80,怎么想的,2,0.0005
Agent Phage,Validation,81,想,2,0.0005
Agent Phage,Validation,82,想法,2,0.0005
Agent Phage,Validation,83,成为,2,0.0005
Agent Phage,Validation,84,所,2,0.0005
Agent Phage,Validation,85,才,2,0.0005
Agent Phage,Validation,86,接触,2,0.0005
Agent Phage,Validation,87,时间,2,0.0005
Agent Phage,Validation,88,星空,2,0.0005
Agent Phage,Validation,89,更,2,0.0005
Agent Phage,Validation,90,最终,2,0.0005
Agent Phage,Validation,91,有人,2,0.0005
Agent Phage,Validation,92,有点,2,0.0005
Agent Phage,Validation,93,有趣的,2,0.0005
Agent Phage,Validation,94,木星,2,0.0005
Agent Phage,Validation,95,来写,2,0.0005
Agent Phage,Validation,96,根据,2,0.0005
Agent Phage,Validation,97,模因,2,0.0005
Agent Phage,Validation,98,洞穴,2,0.0005
Agent Phage,Validation,99,现实,2,0.0005
Agent Phage,Validation,100,留下,2,0.0005
Agent Phage,Test,1,的,111,0.013875
Agent Phage,Test,2,了,33,0.004125
Agent Phage,Test,3,是,25,0.003125
Agent Phage,Test,4,掩盖,19,0.002375
Agent Phage,Test,5,我,18,0.00225
Agent Phage,Test,6,在,17,0.002125
Agent Phage,Test,7,就,14,0.00175
Agent Phage,Test,8,你,13,0.001625
Agent Phage,Test,9,啊,10,0.00125
Agent Phage,Test,10,就是,10,0.00125
Agent Phage,Test,11,也,9,0.001125
Agent Phage,Test,12,异常,9,0.001125
Agent Phage,Test,13,这,9,0.001125
Agent Phage,Test,14,与,8,0.001
Agent Phage,Test,15,写,8,0.001
Agent Phage,Test,16,被,8,0.001
Agent Phage,Test,17,说,8,0.001
Agent Phage,Test,18,都,8,0.001
Agent Phage,Test,19,可以,7,0.000875
Agent Phage,Test,20,基金会,7,0.000875
Agent Phage,Test,21,我们,7,0.000875
Agent Phage,Test,22,没有,7,0.000875
Agent Phage,Test,23,好,6,0.00075
Agent Phage,Test,24,完全,6,0.00075
Agent Phage,Test,25,并,6,0.00075
Agent Phage,Test,26,很,6,0.00075
Agent Phage,Test,27,把,6,0.00075
Agent Phage,Test,28,掩盖协议,6,0.00075
Agent Phage,Test,29,有,6,0.00075
Agent Phage,Test,30,着,6,0.00075
Agent Phage,Test,31,那,6,0.00075
Agent Phage,Test,32,不,5,0.000625
Agent Phage,Test,33,不是,5,0.000625
Agent Phage,Test,34,人,5,0.000625
Agent Phage,Test,35,他们,5,0.000625
Agent Phage,Test,36,但,5,0.000625
Agent Phage,Test,37,可能,5,0.000625
Agent Phage,Test,38,和,5,0.000625
Agent Phage,Test,39,她,5,0.000625
Agent Phage,Test,40,如果,5,0.000625
Agent Phage,Test,41,当时,5,0.000625
Agent Phage,Test,42,情况下,5,0.000625
Agent Phage,Test,43,时间,5,0.000625
Agent Phage,Test,44,然后,5,0.000625
Agent Phage,Test,45,直接,5,0.000625
Agent Phage,Test,46,自己,5,0.000625
Agent Phage,Test,47,这个,5,0.000625
Agent Phage,Test,48,这样,5,0.000625
Agent Phage,Test,49,也是,4,0.0005
Agent Phage,Test,50,人员,4,0.0005
Agent Phage,Test,51,什么,4,0.0005
Agent Phage,Test,52,以及,4,0.0005
Agent Phage,Test,53,会,4,0.0005
Agent Phage,Test,54,全面,4,0.0005
Agent Phage,Test,55,到,4,0.0005
Agent Phage,Test,56,吧,4,0.0005
Agent Phage,Test,57,开始,4,0.0005
Agent Phage,Test,58,怎么,4,0.0005
Agent Phage,Test,59,成为了,4,0.0005
Agent Phage,Test,60,或者,4,0.0005
Agent Phage,Test,61,所以,4,0.0005
Agent Phage,Test,62,掩盖协议的,4,0.0005
Agent Phage,Test,63,时候,4,0.0005
Agent Phage,Test,64,理解,4,0.0005
Agent Phage,Test,65,而,4,0.0005
Agent Phage,Test,66,过,4,0.0005
Agent Phage,Test,67,这是,4,0.0005
Agent Phage,Test,68,进行,4,0.0005
Agent Phage,Test,69,那么,4,0.0005
Agent Phage,Test,70,一,3,0.000375
Agent Phage,Test,71,一些,3,0.000375
Agent Phage,Test,72,一点,3,0.000375
Agent Phage,Test,73,一种,3,0.000375
Agent Phage,Test,74,一般,3,0.000375
Agent Phage,Test,75,上,3,0.000375
Agent Phage,Test,76,不同,3,0.000375
Agent Phage,Test,77,主要,3,0.000375
Agent Phage,Test,78,也不,3,0.000375
Agent Phage,Test,79,亮,3,0.000375
Agent Phage,Test,80,他,3,0.000375
Agent Phage,Test,81,作为,3,0.000375
Agent Phage,Test,82,你是,3,0.000375
Agent Phage,Test,83,假新闻,3,0.000375
Agent Phage,Test,84,内容,3,0.000375
Agent Phage,Test,85,则,3,0.000375
Agent Phage,Test,86,剧情,3,0.000375
Agent Phage,Test,87,却,3,0.000375
Agent Phage,Test,88,后来,3,0.000375
Agent Phage,Test,89,吗,3,0.000375
Agent Phage,Test,90,因为,3,0.000375
Agent Phage,Test,91,地,3,0.000375
Agent Phage,Test,92,处理,3,0.000375
Agent Phage,Test,93,已经,3,0.000375
Agent Phage,Test,94,很多,3,0.000375
Agent Phage,Test,95,很清楚,3,0.000375
Agent Phage,Test,96,情况,3,0.000375
Agent Phage,Test,97,成为,3,0.000375
Agent Phage,Test,98,所,3,0.000375
Agent Phage,Test,99,才,3,0.000375
Agent Phage,Test,100,技术,3,0.000375
Etinjat,All,1,的,386,0.00919047619047619
Etinjat,All,2,在,84,0.002
Etinjat,All,3,了,72,0.0017142857142857142
Etinjat,All,4,是,70,0.0016666666666666668
Etinjat,All,5,之,60,0.0014285714285714286
Etinjat,All,6,也,59,0.0014047619047619047
Etinjat,All,7,叙事,52,0.001238095238095238
Etinjat,All,8,有,44,0.0010476190476190477
Etinjat,All,9,其,40,0.0009523809523809524
Etinjat,All,10,而,40,0.0009523809523809524
Etinjat,All,11,为,37,0.0008809523809523809
Etinjat,All,12,被,31,0.0007380952380952381
Etinjat,All,13,和,30,0.0007142857142857143
Etinjat,All,14,我,30,0.0007142857142857143
Etinjat,All,15,不,28,0.0006666666666666666
Etinjat,All,16,中,28,0.0006666666666666666
Etinjat,All,17,于,28,0.0006666666666666666
Etinjat,All,18,与,27,0.0006428571428571428
Etinjat,All,19,将,27,0.0006428571428571428
Etinjat,All,20,就,27,0.0006428571428571428
Etinjat,All,21,曰,27,0.0006428571428571428
Etinjat,All,22,以,26,0.000619047619047619
Etinjat,All,23,但,26,0.000619047619047619
Etinjat,All,24,到,26,0.000619047619047619
Etinjat,All,25,他,25,0.0005952380952380953
Etinjat,All,26,上,22,0.0005238095238095238
Etinjat,All,27,并,21,0.0005
Etinjat,All,28,或,21,0.0005
Etinjat,All,29,者,21,0.0005
Etinjat,All,30,人,20,0.0004761904761904762
Etinjat,All,31,什么,20,0.0004761904761904762
Etinjat,All,32,下,18,0.00042857142857142855
Etinjat,All,33,乃,18,0.00042857142857142855
Etinjat,All,34,亦,18,0.00042857142857142855
Etinjat,All,35,着,18,0.00042857142857142855
Etinjat,All,36,从,16,0.00038095238095238096
Etinjat,All,37,地,16,0.00038095238095238096
Etinjat,All,38,见,16,0.00038095238095238096
Etinjat,All,39,里,16,0.00038095238095238096
Etinjat,All,40,他的,15,0.00035714285714285714
Etinjat,All,41,则,15,0.00035714285714285714
Etinjat,All,42,又,15,0.00035714285714285714
Etinjat,All,43,后,15,0.00035714285714285714
Etinjat,All,44,我们,15,0.00035714285714285714
Etinjat,All,45,皆,15,0.00035714285714285714
Etinjat,All,46,所,14,0.0003333333333333333
Etinjat,All,47,欲,14,0.0003333333333333333
Etinjat,All,48,世界,13,0.0003095238095238095
Etinjat,All,49,即,13,0.0003095238095238095
Etinjat,All,50,去,13,0.0003095238095238095
Etinjat,All,51,大,13,0.0003095238095238095
Etinjat,All,52,得,13,0.0003095238095238095
Etinjat,All,53,没有,13,0.0003095238095238095
Etinjat,All,54,一,12,0.00028571428571428574
Etinjat,All,55,他们,12,0.00028571428571428574
Etinjat,All,56,可以,12,0.00028571428571428574
Etinjat,All,57,对,12,0.00028571428571428574
Etinjat,All,58,时,12,0.00028571428571428574
Etinjat,All,59,的叙事,12,0.00028571428571428574
Etinjat,All,60,能,12,0.00028571428571428574
Etinjat,All,61,一个,11,0.0002619047619047619
Etinjat,All,62,会,11,0.0002619047619047619
Etinjat,All,63,你,11,0.0002619047619047619
Etinjat,All,64,基金会,11,0.0002619047619047619
Etinjat,All,65,如,11,0.0002619047619047619
Etinjat,All,66,都,11,0.0002619047619047619
Etinjat,All,67,中的,10,0.0002380952380952381
Etinjat,All,68,信息,10,0.0002380952380952381
Etinjat,All,69,再,10,0.0002380952380952381
Etinjat,All,70,出,10,0.0002380952380952381
Etinjat,All,71,叙事层,10,0.0002380952380952381
Etinjat,All,72,叙事的,10,0.0002380952380952381
Etinjat,All,73,叙述,10,0.0002380952380952381
Etinjat,All,74,听,10,0.0002380952380952381
Etinjat,All,75,啊,10,0.0002380952380952381
Etinjat,All,76,异常,10,0.0002380952380952381
Etinjat,All,77,意义,10,0.0002380952380952381
Etinjat,All,78,更,10,0.0002380952380952381
Etinjat,All,79,貌,10,0.0002380952380952381
Etinjat,All,80,世界的,9,0.00021428571428571427
Etinjat,All,81,因,9,0.00021428571428571427
Etinjat,All,82,影响,9,0.00021428571428571427
Etinjat,All,83,您的,9,0.00021428571428571427
Etinjat,All,84,我们的,9,0.00021428571428571427
Etinjat,All,85,说,9,0.00021428571428571427
Etinjat,All,86,之中,8,0.00019047619047619048
Etinjat,All,87,出现,8,0.00019047619047619048
Etinjat,All,88,发现,8,0.00019047619047619048
Etinjat,All,89,可,8,0.00019047619047619048
Etinjat,All,90,吧,8,0.00019047619047619048
Etinjat,All,91,好,8,0.00019047619047619048
Etinjat,All,92,实体,8,0.00019047619047619048
Etinjat,All,93,就像,8,0.00019047619047619048
Etinjat,All,94,指,8,0.00019047619047619048
Etinjat,All,95,故事,8,0.00019047619047619048
Etinjat,All,96,正,8,0.00019047619047619048
Etinjat,All,97,的人,8,0.00019047619047619048
Etinjat,All,98,符号,8,0.00019047619047619048
Etinjat,All,99,等,8,0.00019047619047619048
Etinjat,All,100,若,8,0.00019047619047619048
Etinjat,Fit,1,的,235,0.007833333333333333
Etinjat,Fit,2,在,61,0.002033333333333333
Etinjat,Fit,3,之,47,0.0015666666666666667
Etinjat,Fit,4,了,45,0.0015
Etinjat,Fit,5,也,44,0.0014666666666666667
Etinjat,Fit,6,是,43,0.0014333333333333333
Etinjat,Fit,7,有,34,0.0011333333333333334
Etinjat,Fit,8,而,29,0.0009666666666666667
Etinjat,Fit,9,为,27,0.0009
Etinjat,Fit,10,其,26,0.0008666666666666666
Etinjat,Fit,11,我,24,0.0008
Etinjat,Fit,12,于,23,0.0007666666666666667
Etinjat,Fit,13,他,23,0.0007666666666666667
Etinjat,Fit,14,和,21,0.0007
Etinjat,Fit,15,但,19,0.0006333333333333333
Etinjat,Fit,16,曰,19,0.0006333333333333333
Etinjat,Fit,17,与,18,0.0006
Etinjat,Fit,18,就,18,0.0006
Etinjat,Fit,19,被,18,0.0006
Etinjat,Fit,20,不,17,0.0005666666666666667
Etinjat,Fit,21,以,17,0.0005666666666666667
Etinjat,Fit,22,将,16,0.0005333333333333334
Etinjat,Fit,23,中,15,0.0005
Etinjat,Fit,24,到,15,0.0005
Etinjat,Fit,25,着,15,0.0005
Etinjat,Fit,26,并,14,0.00046666666666666666
Etinjat,Fit,27,上,13,0.0004333333333333333
Etinjat,Fit,28,乃,13,0.0004333333333333333
Etinjat,Fit,29,人,13,0.0004333333333333333
Etinjat,Fit,30,什么,13,0.0004333333333333333
Etinjat,Fit,31,他的,13,0.0004333333333333333
Etinjat,Fit,32,我们,13,0.0004333333333333333
Etinjat,Fit,33,从,12,0.0004
Etinjat,Fit,34,或,12,0.0004
Etinjat,Fit,35,欲,12,0.0004
Etinjat,Fit,36,皆,12,0.0004
Etinjat,Fit,37,见,12,0.0004
Etinjat,Fit,38,下,11,0.00036666666666666667
Etinjat,Fit,39,亦,11,0.00036666666666666667
Etinjat,Fit,40,他们,11,0.00036666666666666667
Etinjat,Fit,41,去,11,0.00036666666666666667
Etinjat,Fit,42,对,11,0.00036666666666666667
Etinjat,Fit,43,得,11,0.00036666666666666667
Etinjat,Fit,44,又,10,0.0003333333333333333
Etinjat,Fit,45,地,10,0.0003333333333333333
Etinjat,Fit,46,貌,10,0.0003333333333333333
Etinjat,Fit,47,一,9,0.0003
Etinjat,Fit,48,再,9,0.0003
Etinjat,Fit,49,大,9,0.0003
Etinjat,Fit,50,您的,9,0.0003
Etinjat,Fit,51,我们的,9,0.0003
Etinjat,Fit,52,者,9,0.0003
Etinjat,Fit,53,你,8,0.0002666666666666667
Etinjat,Fit,54,则,8,0.0002666666666666667
Etinjat,Fit,55,后,8,0.0002666666666666667
Etinjat,Fit,56,吧,8,0.0002666666666666667
Etinjat,Fit,57,指,8,0.0002666666666666667
Etinjat,Fit,58,更,8,0.0002666666666666667
Etinjat,Fit,59,没有,8,0.0002666666666666667
Etinjat,Fit,60,都,8,0.0002666666666666667
Etinjat,Fit,61,听,7,0.00023333333333333333
Etinjat,Fit,62,啊,7,0.00023333333333333333
Etinjat,Fit,63,外,7,0.00023333333333333333
Etinjat,Fit,64,好,7,0.00023333333333333333
Etinjat,Fit,65,异常,7,0.00023333333333333333
Etinjat,Fit,66,若,7,0.00023333333333333333
Etinjat,Fit,67,让,7,0.00023333333333333333
Etinjat,Fit,68,黄帝,7,0.00023333333333333333
Etinjat,Fit,69,三,6,0.0002
Etinjat,Fit,70,伏羲,6,0.0002
Etinjat,Fit,71,会,6,0.0002
Etinjat,Fit,72,信息,6,0.0002
Etinjat,Fit,73,出现,6,0.0002
Etinjat,Fit,74,发现,6,0.0002
Etinjat,Fit,75,就像,6,0.0002
Etinjat,Fit,76,影响,6,0.0002
Etinjat,Fit,77,您,6,0.0002
Etinjat,Fit,78,情况,6,0.0002
Etinjat,Fit,79,文档,6,0.0002
Etinjat,Fit,80,日,6,0.0002
Etinjat,Fit,81,时,6,0.0002
Etinjat,Fit,82,正,6,0.0002
Etinjat,Fit,83,此处,6,0.0002
Etinjat,Fit,84,游音流,6,0.0002
Etinjat,Fit,85,的人,6,0.0002
Etinjat,Fit,86,说,6,0.0002
Etinjat,Fit,87,谁,6,0.0002
Etinjat,Fit,88,随着,6,0.0002
Etinjat,Fit,89,需要,6,0.0002
Etinjat,Fit,90,一样,5,0.00016666666666666666
Etinjat,Fit,91,万物,5,0.00016666666666666666
Etinjat,Fit,92,不可,5,0.00016666666666666666
Etinjat,Fit,93,为什么,5,0.00016666666666666666
Etinjat,Fit,94,之中,5,0.00016666666666666666
Etinjat,Fit,95,云,5,0.00016666666666666666
Etinjat,Fit,96,作,5,0.00016666666666666666
Etinjat,Fit,97,你们,5,0.00016666666666666666
Etinjat,Fit,98,像,5,0.00016666666666666666
Etinjat,Fit,99,兮,5,0.00016666666666666666
Etinjat,Fit,100,出,5,0.00016666666666666666
Etinjat,Validation,1,的,26,0.0065
Etinjat,Validation,2,之,11,0.00275
Etinjat,Validation,3,曰,8,0.002
Etinjat,Validation,4,了,7,0.00175
Etinjat,Validation,5,上,5,0.00125
Etinjat,Validation,6,乃,5,0.00125
Etinjat,Validation,7,亦,5,0.00125
Etinjat,Validation,8,在,5,0.00125
Etinjat,Validation,9,有,5,0.00125
Etinjat,Validation,10,而,5,0.00125
Etinjat,Validation,11,不,4,0.001
Etinjat,Validation,12,为,4,0.001
Etinjat,Validation,13,也,4,0.001
Etinjat,Validation,14,于,4,0.001
Etinjat,Validation,15,人,4,0.001
Etinjat,Validation,16,则,4,0.001
Etinjat,Validation,17,或,4,0.001
Etinjat,Validation,18,时,4,0.001
Etinjat,Validation,19,者,4,0.001
Etinjat,Validation,20,但,3,0.00075
Etinjat,Validation,21,其,3,0.00075
Etinjat,Validation,22,后,3,0.00075
Etinjat,Validation,23,听,3,0.00075
Etinjat,Validation,24,实体,3,0.00075
Etinjat,Validation,25,羯甫,3,0.00075
Etinjat,Validation,26,被,3,0.00075
Etinjat,Validation,27,见,3,0.00075
Etinjat,Validation,28,一,2,0.0005
Etinjat,Validation,29,一杯酒,2,0.0005
Etinjat,Validation,30,一杯酒敬,2,0.0005
Etinjat,Validation,31,三月,2,0.0005
Etinjat,Validation,32,下,2,0.0005
Etinjat,Validation,33,不是,2,0.0005
Etinjat,Validation,34,与,2,0.0005
Etinjat,Validation,35,中的,2,0.0005
Etinjat,Validation,36,人类的,2,0.0005
Etinjat,Validation,37,什么,2,0.0005
Etinjat,Validation,38,从,2,0.0005
Etinjat,Validation,39,以,2,0.0005
Etinjat,Validation,40,以是,2,0.0005
Etinjat,Validation,41,去,2,0.0005
Etinjat,Validation,42,和,2,0.0005
Etinjat,Validation,43,啊,2,0.0005
Etinjat,Validation,44,回,2,0.0005
Etinjat,Validation,45,地,2,0.0005
Etinjat,Validation,46,大,2,0.0005
Etinjat,Validation,47,天津,2,0.0005
Etinjat,Validation,48,天若扔座高山,2,0.0005
Etinjat,Validation,49,如,2,0.0005
Etinjat,Validation,50,定,2,0.0005
Etinjat,Validation,51,定当,2,0.0005
Etinjat,Validation,52,并,2,0.0005
Etinjat,Validation,53,得,2,0.0005
Etinjat,Validation,54,恨呢个,2,0.0005
Etinjat,Validation,55,我,2,0.0005
Etinjat,Validation,56,我们的足迹要遍及,2,0.0005
Etinjat,Validation,57,所,2,0.0005
Etinjat,Validation,58,才可,2,0.0005
Etinjat,Validation,59,支细又船,2,0.0005
Etinjat,Validation,60,故,2,0.0005
Etinjat,Validation,61,未逾,2,0.0005
Etinjat,Validation,62,欲,2,0.0005
Etinjat,Validation,63,欺,2,0.0005
Etinjat,Validation,64,测气曰雨,2,0.0005
Etinjat,Validation,65,焉,2,0.0005
Etinjat,Validation,66,然,2,0.0005
Etinjat,Validation,67,物,2,0.0005
Etinjat,Validation,68,王,2,0.0005
Etinjat,Validation,69,王曰,2,0.0005
Etinjat,Validation,70,皆,2,0.0005
Etinjat,Validation,71,睡,2,0.0005
Etinjat,Validation,72,蜮挲庸,2,0.0005
Etinjat,Validation,73,说,2,0.0005
Etinjat,Validation,74,赵家,2,0.0005
Etinjat,Validation,75,载,2,0.0005
Etinjat,Validation,76,遂,2,0.0005
Etinjat,Validation,77,道,2,0.0005
Etinjat,Validation,78,里,2,0.0005
Etinjat,Validation,79,鬼,2,0.0005
Etinjat,Validation,80,龙王,2,0.0005
Etinjat,Validation,81,一两声前来敲门,1,0.00025
Etinjat,Validation,82,一个妇人,1,0.00025
Etinjat,Validation,83,一个妇人死,1,0.00025
Etinjat,Validation,84,一个戏台,1,0.00025
Etinjat,Validation,85,一个约长,1,0.00025
Etinjat,Validation,86,一个面皮白净,1,0.00025
Etinjat,Validation,87,一事乎,1,0.00025
Etinjat,Validation,88,一份,1,0.00025
Etinjat,Validation,89,一位军装,1,0.00025
Etinjat,Validation,90,一位军装青年大打出手,1,0.00025
Etinjat,Validation,91,一作乐,1,0.00025
Etinjat,Validation,92,一包脓血迷,1,0.00025
Etinjat,Validation,93,一同归于寂静与,1,0.00025
Etinjat,Validation,94,一名拘璅,1,0.00025
Etinjat,Validation,95,一妖欲生而,1,0.00025
Etinjat,Validation,96,一定媒介而传播,1,0.00025
Etinjat,Validation,97,一定性质的电磁波和,1,0.00025
Etinjat,Validation,98,一定的潜力,1,0.00025
Etinjat,Validation,99,一宿的,1,0.00025
Etinjat,Validation,100,一小儿,1,0.00025
Etinjat,Test,1,的,125,0.015625
Etinjat,Test,2,叙事,51,0.006375
Etinjat,Test,3,是,26,0.00325
Etinjat,Test,4,了,20,0.0025
Etinjat,Test,5,在,18,0.00225
Etinjat,Test,6,中,12,0.0015
Etinjat,Test,7,也,11,0.001375
Etinjat,Test,8,其,11,0.001375
Etinjat,Test,9,的叙事,11,0.001375
Etinjat,Test,10,里,11,0.001375
Etinjat,Test,11,世界,10,0.00125
Etinjat,Test,12,到,10,0.00125
Etinjat,Test,13,即,10,0.00125
Etinjat,Test,14,叙事的,10,0.00125
Etinjat,Test,15,叙述,10,0.00125
Etinjat,Test,16,将,10,0.00125
Etinjat,Test,17,意义,10,0.00125
Etinjat,Test,18,被,10,0.00125
Etinjat,Test,19,叙事层,9,0.001125
Etinjat,Test,20,一个,8,0.001
Etinjat,Test,21,可以,8,0.001
Etinjat,Test,22,就,8,0.001
Etinjat,Test,23,所,8,0.001
Etinjat,Test,24,故事,8,0.001
Etinjat,Test,25,者,8,0.001
Etinjat,Test,26,能,8,0.001
Etinjat,Test,27,不,7,0.000875
Etinjat,Test,28,与,7,0.000875
Etinjat,Test,29,以,7,0.000875
Etinjat,Test,30,和,7,0.000875
Etinjat,Test,31,基金会,7,0.000875
Etinjat,Test,32,层,7,0.000875
Etinjat,Test,33,符号,7,0.000875
Etinjat,Test,34,世界的,6,0.00075
Etinjat,Test,35,为,6,0.00075
Etinjat,Test,36,叙事者,6,0.00075
Etinjat,Test,37,因,6,0.00075
Etinjat,Test,38,的是,6,0.00075
Etinjat,Test,39,而,6,0.00075
Etinjat,Test,40,上层,5,0.000625
Etinjat,Test,41,下,5,0.000625
Etinjat,Test,42,什么,5,0.000625
Etinjat,Test,43,会,5,0.000625
Etinjat,Test,44,元,5,0.000625
Etinjat,Test,45,出,5,0.000625
Etinjat,Test,46,并,5,0.000625
Etinjat,Test,47,或,5,0.000625
Etinjat,Test,48,有,5,0.000625
Etinjat,Test,49,框架,5,0.000625
Etinjat,Test,50,现实,5,0.000625
Etinjat,Test,51,虚构,5,0.000625
Etinjat,Test,52,逆模因,5,0.000625
Etinjat,Test,53,上,4,0.0005
Etinjat,Test,54,下层叙事的,4,0.0005
Etinjat,Test,55,中的,4,0.0005
Etinjat,Test,56,也可以,4,0.0005
Etinjat,Test,57,但,4,0.0005
Etinjat,Test,58,元虚构,4,0.0005
Etinjat,Test,59,即是,4,0.0005
Etinjat,Test,60,又,4,0.0005
Etinjat,Test,61,叙事世界,4,0.0005
Etinjat,Test,62,后,4,0.0005
Etinjat,Test,63,在叙事,4,0.0005
Etinjat,Test,64,地,4,0.0005
Etinjat,Test,65,如,4,0.0005
Etinjat,Test,66,实在,4,0.0005
Etinjat,Test,67,我,4,0.0005
Etinjat,Test,68,所谓的,4,0.0005
Etinjat,Test,69,故事讲了,4,0.0005
Etinjat,Test,70,没有,4,0.0005
Etinjat,Test,71,灵,4,0.0005
Etinjat,Test,72,的信息,4,0.0005
Etinjat,Test,73,神,4,0.0005
Etinjat,Test,74,自己,4,0.0005
Etinjat,Test,75,规则,4,0.0005
Etinjat,Test,76,证明,4,0.0005
Etinjat,Test,77,诸多,4,0.0005
Etinjat,Test,78,这,4,0.0005
Etinjat,Test,79,里的,4,0.0005
Etinjat,Test,80,一定,3,0.000375
Etinjat,Test,81,一般,3,0.000375
Etinjat,Test,82,上学,3,0.000375
Etinjat,Test,83,上的,3,0.000375
Etinjat,Test,84,下层,3,0.000375
Etinjat,Test,85,下级,3,0.000375
Etinjat,Test,86,之神,3,0.000375
Etinjat,Test,87,事件,3,0.000375
Etinjat,Test,88,亦即,3,0.000375
Etinjat,Test,89,产生,3,0.000375
Etinjat,Test,90,人,3,0.000375
Etinjat,Test,91,作者,3,0.000375
Etinjat,Test,92,你,3,0.000375
Etinjat,Test,93,例子,3,0.000375
Etinjat,Test,94,信息,3,0.000375
Etinjat,Test,95,元虚构角色,3,0.000375
Etinjat,Test,96,则,3,0.000375
Etinjat,Test,97,包含,3,0.000375
Etinjat,Test,98,危害,3,0.000375
Etinjat,Test,99,压印,3,0.000375
Etinjat,Test,100,叙事世界的,3,0.000375
QBLevi,All,1,的,369,0.008785714285714286
QBLevi,All,2,了,173,0.004119047619047619
QBLevi,All,3,在,90,0.002142857142857143
QBLevi,All,4,是,75,0.0017857142857142857
QBLevi,All,5,我,66,0.0015714285714285715
QBLevi,All,6,你,43,0.0010238095238095238
QBLevi,All,7,但,40,0.0009523809523809524
QBLevi,All,8,我们,39,0.0009285714285714286
QBLevi,All,9,有,34,0.0008095238095238096
QBLevi,All,10,和,32,0.0007619047619047619
QBLevi,All,11,着,32,0.0007619047619047619
QBLevi,All,12,也,29,0.0006904761904761905
QBLevi,All,13,都,29,0.0006904761904761905
QBLevi,All,14,没有,28,0.0006666666666666666
QBLevi,All,15,被,28,0.0006666666666666666
QBLevi,All,16,为,26,0.000619047619047619
QBLevi,All,17,他,25,0.0005952380952380953
QBLevi,All,18,你们,25,0.0005952380952380953
QBLevi,All,19,并,25,0.0005952380952380953
QBLevi,All,20,什么,24,0.0005714285714285715
QBLevi,All,21,一个,23,0.0005476190476190477
QBLevi,All,22,不,23,0.0005476190476190477
QBLevi,All,23,中,23,0.0005476190476190477
QBLevi,All,24,还,23,0.0005476190476190477
QBLevi,All,25,这,23,0.0005476190476190477
QBLevi,All,26,上,22,0.0005238095238095238
QBLevi,All,27,就,22,0.0005238095238095238
QBLevi,All,28,而,21,0.0005
QBLevi,All,29,到,20,0.0004761904761904762
QBLevi,All,30,吧,19,0.00045238095238095237
QBLevi,All,31,她,19,0.00045238095238095237
QBLevi,All,32,好,19,0.00045238095238095237
QBLevi,All,33,已经,19,0.00045238095238095237
QBLevi,All,34,自己,19,0.00045238095238095237
QBLevi,All,35,人,18,0.00042857142857142855
QBLevi,All,36,对,18,0.00042857142857142855
QBLevi,All,37,将,18,0.00042857142857142855
QBLevi,All,38,说,18,0.00042857142857142855
QBLevi,All,39,地,17,0.0004047619047619048
QBLevi,All,40,月,17,0.0004047619047619048
QBLevi,All,41,项目,17,0.0004047619047619048
QBLevi,All,42,吗,16,0.00038095238095238096
QBLevi,All,43,啊,16,0.00038095238095238096
QBLevi,All,44,要,16,0.00038095238095238096
QBLevi,All,45,已,15,0.00035714285714285714
QBLevi,All,46,那,15,0.00035714285714285714
QBLevi,All,47,从,14,0.0003333333333333333
QBLevi,All,48,可以,14,0.0003333333333333333
QBLevi,All,49,最后,14,0.0003333333333333333
QBLevi,All,50,李维,14,0.0003333333333333333
QBLevi,All,51,后,13,0.0003095238095238095
QBLevi,All,52,开始,13,0.0003095238095238095
QBLevi,All,53,知道,13,0.0003095238095238095
QBLevi,All,54,他们,12,0.00028571428571428574
QBLevi,All,55,会,12,0.00028571428571428574
QBLevi,All,56,我们的,12,0.00028571428571428574
QBLevi,All,57,下,11,0.0002619047619047619
QBLevi,All,58,于,11,0.0002619047619047619
QBLevi,All,59,基金会,11,0.0002619047619047619
QBLevi,All,60,日,11,0.0002619047619047619
QBLevi,All,61,能,11,0.0002619047619047619
QBLevi,All,62,虽然,11,0.0002619047619047619
QBLevi,All,63,与,10,0.0002380952380952381
QBLevi,All,64,人类,10,0.0002380952380952381
QBLevi,All,65,如果,10,0.0002380952380952381
QBLevi,All,66,时间,10,0.0002380952380952381
QBLevi,All,67,星球,10,0.0002380952380952381
QBLevi,All,68,汉娜,10,0.0002380952380952381
QBLevi,All,69,特工,10,0.0002380952380952381
QBLevi,All,70,等,10,0.0002380952380952381
QBLevi,All,71,自己的,10,0.0002380952380952381
QBLevi,All,72,这里,10,0.0002380952380952381
QBLevi,All,73,两人,9,0.00021428571428571427
QBLevi,All,74,又,9,0.00021428571428571427
QBLevi,All,75,发生,9,0.00021428571428571427
QBLevi,All,76,完全,9,0.00021428571428571427
QBLevi,All,77,对方,9,0.00021428571428571427
QBLevi,All,78,所有,9,0.00021428571428571427
QBLevi,All,79,把,9,0.00021428571428571427
QBLevi,All,80,来,9,0.00021428571428571427
QBLevi,All,81,进行,9,0.00021428571428571427
QBLevi,All,82,世界,8,0.00019047619047619048
QBLevi,All,83,其,8,0.00019047619047619048
QBLevi,All,84,号,8,0.00019047619047619048
QBLevi,All,85,向,8,0.00019047619047619048
QBLevi,All,86,它,8,0.00019047619047619048
QBLevi,All,87,异常,8,0.00019047619047619048
QBLevi,All,88,得,8,0.00019047619047619048
QBLevi,All,89,更,8,0.00019047619047619048
QBLevi,All,90,汉娜的,8,0.00019047619047619048
QBLevi,All,91,用,8,0.00019047619047619048
QBLevi,All,92,站点,8,0.00019047619047619048
QBLevi,All,93,者,8,0.00019047619047619048
QBLevi,All,94,起来,8,0.00019047619047619048
QBLevi,All,95,过,8,0.00019047619047619048
QBLevi,All,96,那么,8,0.00019047619047619048
QBLevi,All,97,里,8,0.00019047619047619048
QBLevi,All,98,一,7,0.00016666666666666666
QBLevi,All,99,个,7,0.00016666666666666666
QBLevi,All,100,你的,7,0.00016666666666666666
QBLevi,Fit,1,的,270,0.009
QBLevi,Fit,2,了,118,0.003933333333333333
QBLevi,Fit,3,在,57,0.0019
QBLevi,Fit,4,是,51,0.0017
QBLevi,Fit,5,我,39,0.0013
QBLevi,Fit,6,你,33,0.0011
QBLevi,Fit,7,也,27,0.0009
QBLevi,Fit,8,我们,25,0.0008333333333333334
QBLevi,Fit,9,但,24,0.0008
QBLevi,Fit,10,你们,23,0.0007666666666666667
QBLevi,Fit,11,和,23,0.0007666666666666667
QBLevi,Fit,12,着,23,0.0007666666666666667
QBLevi,Fit,13,为,22,0.0007333333333333333
QBLevi,Fit,14,并,22,0.0007333333333333333
QBLevi,Fit,15,有,22,0.0007333333333333333
QBLevi,Fit,16,都,20,0.0006666666666666666
QBLevi,Fit,17,上,19,0.0006333333333333333
QBLevi,Fit,18,没有,18,0.0006
QBLevi,Fit,19,不,17,0.0005666666666666667
QBLevi,Fit,20,被,17,0.0005666666666666667
QBLevi,Fit,21,中,16,0.0005333333333333334
QBLevi,Fit,22,到,16,0.0005333333333333334
QBLevi,Fit,23,她,16,0.0005333333333333334
QBLevi,Fit,24,自己,16,0.0005333333333333334
QBLevi,Fit,25,这,16,0.0005333333333333334
QBLevi,Fit,26,一个,15,0.0005
QBLevi,Fit,27,就,15,0.0005
QBLevi,Fit,28,已,15,0.0005
QBLevi,Fit,29,项目,15,0.0005
QBLevi,Fit,30,吧,14,0.00046666666666666666
QBLevi,Fit,31,将,14,0.00046666666666666666
QBLevi,Fit,32,李维,14,0.00046666666666666666
QBLevi,Fit,33,而,14,0.00046666666666666666
QBLevi,Fit,34,人,13,0.0004333333333333333
QBLevi,Fit,35,什么,13,0.0004333333333333333
QBLevi,Fit,36,对,13,0.0004333333333333333
QBLevi,Fit,37,要,13,0.0004333333333333333
QBLevi,Fit,38,还,13,0.0004333333333333333
QBLevi,Fit,39,吗,12,0.0004
QBLevi,Fit,40,地,12,0.0004
QBLevi,Fit,41,从,11,0.00036666666666666667
QBLevi,Fit,42,他,11,0.00036666666666666667
QBLevi,Fit,43,啊,11,0.00036666666666666667
QBLevi,Fit,44,好,11,0.00036666666666666667
QBLevi,Fit,45,说,11,0.00036666666666666667
QBLevi,Fit,46,那,11,0.00036666666666666667
QBLevi,Fit,47,后,10,0.0003333333333333333
QBLevi,Fit,48,如果,10,0.0003333333333333333
QBLevi,Fit,49,已经,10,0.0003333333333333333
QBLevi,Fit,50,下,9,0.0003
QBLevi,Fit,51,于,9,0.0003
QBLevi,Fit,52,可以,9,0.0003
QBLevi,Fit,53,开始,9,0.0003
QBLevi,Fit,54,星球,9,0.0003
QBLevi,Fit,55,最后,9,0.0003
QBLevi,Fit,56,知道,9,0.0003
QBLevi,Fit,57,等,9,0.0003
QBLevi,Fit,58,自己的,9,0.0003
QBLevi,Fit,59,人类,8,0.0002666666666666667
QBLevi,Fit,60,其,8,0.0002666666666666667
QBLevi,Fit,61,基金会,8,0.0002666666666666667
QBLevi,Fit,62,来,8,0.0002666666666666667
QBLevi,Fit,63,汉娜,8,0.0002666666666666667
QBLevi,Fit,64,汉娜的,8,0.0002666666666666667
QBLevi,Fit,65,虽然,8,0.0002666666666666667
QBLevi,Fit,66,这里,8,0.0002666666666666667
QBLevi,Fit,67,与,7,0.00023333333333333333
QBLevi,Fit,68,又,7,0.00023333333333333333
QBLevi,Fit,69,号,7,0.00023333333333333333
QBLevi,Fit,70,呢,7,0.00023333333333333333
QBLevi,Fit,71,它,7,0.00023333333333333333
QBLevi,Fit,72,完全,7,0.00023333333333333333
QBLevi,Fit,73,对方,7,0.00023333333333333333
QBLevi,Fit,74,异常,7,0.00023333333333333333
QBLevi,Fit,75,我们的,7,0.00023333333333333333
QBLevi,Fit,76,者,7,0.00023333333333333333
QBLevi,Fit,77,进行,7,0.00023333333333333333
QBLevi,Fit,78,一,6,0.0002
QBLevi,Fit,79,不知道,6,0.0002
QBLevi,Fit,80,世界,6,0.0002
QBLevi,Fit,81,了吗,6,0.0002
QBLevi,Fit,82,他们,6,0.0002
QBLevi,Fit,83,会,6,0.0002
QBLevi,Fit,84,分部,6,0.0002
QBLevi,Fit,85,勘探,6,0.0002
QBLevi,Fit,86,向,6,0.0002
QBLevi,Fit,87,地区,6,0.0002
QBLevi,Fit,88,怎么,6,0.0002
QBLevi,Fit,89,所有,6,0.0002
QBLevi,Fit,90,无法,6,0.0002
QBLevi,Fit,91,日,6,0.0002
QBLevi,Fit,92,时,6,0.0002
QBLevi,Fit,93,现在,6,0.0002
QBLevi,Fit,94,结果,6,0.0002
QBLevi,Fit,95,起来,6,0.0002
QBLevi,Fit,96,过,6,0.0002
QBLevi,Fit,97,还是,6,0.0002
QBLevi,Fit,98,这个,6,0.0002
QBLevi,Fit,99,通过,6,0.0002
QBLevi,Fit,100,上的,5,0.00016666666666666666
QBLevi,Validation,1,的,21,0.00525
QBLevi,Validation,2,了,20,0.005
QBLevi,Validation,3,我,15,0.00375
QBLevi,Validation,4,我们,11,0.00275
QBLevi,Validation,5,他,9,0.00225
QBLevi,Validation,6,在,9,0.00225
QBLevi,Validation,7,是,7,0.00175
QBLevi,Validation,8,月,7,0.00175
QBLevi,Validation,9,他们,6,0.0015
QBLevi,Validation,10,还,6,0.0015
QBLevi,Validation,11,但,5,0.00125
QBLevi,Validation,12,有,5,0.00125
QBLevi,Validation,13,被,5,0.00125
QBLevi,Validation,14,一个,4,0.001
QBLevi,Validation,15,吧,4,0.001
QBLevi,Validation,16,年,4,0.001
QBLevi,Validation,17,点,4,0.001
QBLevi,Validation,18,着,4,0.001
QBLevi,Validation,19,而,4,0.001
QBLevi,Validation,20,能,4,0.001
QBLevi,Validation,21,说,4,0.001
QBLevi,Validation,22,不,3,0.00075
QBLevi,Validation,23,两人,3,0.00075
QBLevi,Validation,24,什么,3,0.00075
QBLevi,Validation,25,可以,3,0.00075
QBLevi,Validation,26,已经,3,0.00075
QBLevi,Validation,27,得,3,0.00075
QBLevi,Validation,28,我们的,3,0.00075
QBLevi,Validation,29,日,3,0.00075
QBLevi,Validation,30,正在,3,0.00075
QBLevi,Validation,31,没有,3,0.00075
QBLevi,Validation,32,站点,3,0.00075
QBLevi,Validation,33,许多,3,0.00075
QBLevi,Validation,34,那么,3,0.00075
QBLevi,Validation,35,都,3,0.00075
QBLevi,Validation,36,一起,2,0.0005
QBLevi,Validation,37,两个,2,0.0005
QBLevi,Validation,38,中,2,0.0005
QBLevi,Validation,39,中已经被,2,0.0005
QBLevi,Validation,40,于,2,0.0005
QBLevi,Validation,41,人,2,0.0005
QBLevi,Validation,42,他进来,2,0.0005
QBLevi,Validation,43,做出了,2,0.0005
QBLevi,Validation,44,又,2,0.0005
QBLevi,Validation,45,发射的,2,0.0005
QBLevi,Validation,46,发生,2,0.0005
QBLevi,Validation,47,发生了,2,0.0005
QBLevi,Validation,48,发生了什么,2,0.0005
QBLevi,Validation,49,受到,2,0.0005
QBLevi,Validation,50,只,2,0.0005
QBLevi,Validation,51,只能,2,0.0005
QBLevi,Validation,52,响起了,2,0.0005
QBLevi,Validation,53,在其中,2,0.0005
QBLevi,Validation,54,地球同步,2,0.0005
QBLevi,Validation,55,她,2,0.0005
QBLevi,Validation,56,安全,2,0.0005
QBLevi,Validation,57,完全,2,0.0005
QBLevi,Validation,58,对,2,0.0005
QBLevi,Validation,59,将,2,0.0005
QBLevi,Validation,60,就,2,0.0005
QBLevi,Validation,61,差不多,2,0.0005
QBLevi,Validation,62,忙,2,0.0005
QBLevi,Validation,63,想,2,0.0005
QBLevi,Validation,64,想要,2,0.0005
QBLevi,Validation,65,我还,2,0.0005
QBLevi,Validation,66,担心,2,0.0005
QBLevi,Validation,67,时间,2,0.0005
QBLevi,Validation,68,最,2,0.0005
QBLevi,Validation,69,有些,2,0.0005
QBLevi,Validation,70,没什么,2,0.0005
QBLevi,Validation,71,消灭,2,0.0005
QBLevi,Validation,72,现在是,2,0.0005
QBLevi,Validation,73,用,2,0.0005
QBLevi,Validation,74,相信,2,0.0005
QBLevi,Validation,75,知道,2,0.0005
QBLevi,Validation,76,研究员,2,0.0005
QBLevi,Validation,77,站点沦陷,2,0.0005
QBLevi,Validation,78,而已,2,0.0005
QBLevi,Validation,79,自,2,0.0005
QBLevi,Validation,80,自己,2,0.0005
QBLevi,Validation,81,茫然,2,0.0005
QBLevi,Validation,82,让他们,2,0.0005
QBLevi,Validation,83,记得,2,0.0005
QBLevi,Validation,84,赢,2,0.0005
QBLevi,Validation,85,这,2,0.0005
QBLevi,Validation,86,这是,2,0.0005
QBLevi,Validation,87,那,2,0.0005
QBLevi,Validation,88,里,2,0.0005
QBLevi,Validation,89,键盘先生,2,0.0005
QBLevi,Validation,90,一下,1,0.00025
QBLevi,Validation,91,一个冲刺,1,0.00025
QBLevi,Validation,92,一个冲刺就跑,1,0.00025
QBLevi,Validation,93,一个小时的班,1,0.00025
QBLevi,Validation,94,一个强大,1,0.00025
QBLevi,Validation,95,一个强大又完全独立,1,0.00025
QBLevi,Validation,96,一个粗壮的,1,0.00025
QBLevi,Validation,97,一个粗壮的声音自,1,0.00025
QBLevi,Validation,98,一个那样,1,0.00025
QBLevi,Validation,99,一个那样的,1,0.00025
QBLevi,Validation,100,一个顺劈,1,0.00025
QBLevi,Test,1,的,78,0.00975
QBLevi,Test,2,了,35,0.004375
QBLevi,Test,3,在,24,0.003
QBLevi,Test,4,是,17,0.002125
QBLevi,Test,5,我,12,0.0015
QBLevi,Test,6,但,11,0.001375
QBLevi,Test,7,你,9,0.001125
QBLevi,Test,8,什么,8,0.001
QBLevi,Test,9,和,8,0.001
QBLevi,Test,10,好,7,0.000875
QBLevi,Test,11,月,7,0.000875
QBLevi,Test,12,有,7,0.000875
QBLevi,Test,13,没有,7,0.000875
QBLevi,Test,14,特工,7,0.000875
QBLevi,Test,15,已经,6,0.00075
QBLevi,Test,16,被,6,0.00075
QBLevi,Test,17,都,6,0.00075
QBLevi,Test,18,中,5,0.000625
QBLevi,Test,19,他,5,0.000625
QBLevi,Test,20,会,5,0.000625
QBLevi,Test,21,啊,5,0.000625
QBLevi,Test,22,就,5,0.000625
QBLevi,Test,23,日志,5,0.000625
QBLevi,Test,24,更,5,0.000625
QBLevi,Test,25,着,5,0.000625
QBLevi,Test,26,这,5,0.000625
QBLevi,Test,27,一个,4,0.0005
QBLevi,Test,28,到,4,0.0005
QBLevi,Test,29,地,4,0.0005
QBLevi,Test,30,开始,4,0.0005
QBLevi,Test,31,最后,4,0.0005
QBLevi,Test,32,电子音的提示,4,0.0005
QBLevi,Test,33,计划,4,0.0005
QBLevi,Test,34,还,4,0.0005
QBLevi,Test,35,上,3,0.000375
QBLevi,Test,36,不,3,0.000375
QBLevi,Test,37,与,3,0.000375
QBLevi,Test,38,为,3,0.000375
QBLevi,Test,39,人,3,0.000375
QBLevi,Test,40,从,3,0.000375
QBLevi,Test,41,但在,3,0.000375
QBLevi,Test,42,再,3,0.000375
QBLevi,Test,43,出现,3,0.000375
QBLevi,Test,44,删除,3,0.000375
QBLevi,Test,45,可,3,0.000375
QBLevi,Test,46,吗,3,0.000375
QBLevi,Test,47,听到电子音,3,0.000375
QBLevi,Test,48,听到电子音的提示,3,0.000375
QBLevi,Test,49,启蒙时代,3,0.000375
QBLevi,Test,50,对,3,0.000375
QBLevi,Test,51,想,3,0.000375
QBLevi,Test,52,我们,3,0.000375
QBLevi,Test,53,把,3,0.000375
QBLevi,Test,54,把身边的三级,3,0.000375
QBLevi,Test,55,把身边的三级特工,3,0.000375
QBLevi,Test,56,提示猛然站起,3,0.000375
QBLevi,Test,57,数据删除,3,0.000375
QBLevi,Test,58,时代,3,0.000375
QBLevi,Test,59,时间,3,0.000375
QBLevi,Test,60,替身,3,0.000375
QBLevi,Test,61,核弹,3,0.000375
QBLevi,Test,62,没用,3,0.000375
QBLevi,Test,63,没用没用,3,0.000375
QBLevi,Test,64,电子音的提示猛然,3,0.000375
QBLevi,Test,65,的提示猛然站起,3,0.000375
QBLevi,Test,66,真是,3,0.000375
QBLevi,Test,67,程序启动,3,0.000375
QBLevi,Test,68,而,3,0.000375
QBLevi,Test,69,能,3,0.000375
QBLevi,Test,70,能力,3,0.000375
QBLevi,Test,71,航行,3,0.000375
QBLevi,Test,72,航行日志第,3,0.000375
QBLevi,Test,73,虽然,3,0.000375
QBLevi,Test,74,说,3,0.000375
QBLevi,Test,75,起,3,0.000375
QBLevi,Test,76,迅速,3,0.000375
QBLevi,Test,77,需要,3,0.000375
QBLevi,Test,78,音的提示猛然站,3,0.000375
QBLevi,Test,79,飞行姿态调整完成,3,0.000375
QBLevi,Test,80,一具尸体,2,0.00025
QBLevi,Test,81,一刹那,2,0.00025
QBLevi,Test,82,一条,2,0.00025
QBLevi,Test,83,一片,2,0.00025
QBLevi,Test,84,一眼,2,0.00025
QBLevi,Test,85,三级,2,0.00025
QBLevi,Test,86,下,2,0.00025
QBLevi,Test,87,世界的,2,0.00025
QBLevi,Test,88,为什么,2,0.00025
QBLevi,Test,89,也,2,0.00025
QBLevi,Test,90,了他的,2,0.00025
QBLevi,Test,91,事件,2,0.00025
QBLevi,Test,92,人类,2,0.00025
QBLevi,Test,93,从次元门中,2,0.00025
QBLevi,Test,94,他们的,2,0.00025
QBLevi,Test,95,他想到了,2,0.00025
QBLevi,Test,96,便,2,0.00025
QBLevi,Test,97,入泊程序,2,0.00025
QBLevi,Test,98,出现在,2,0.00025
QBLevi,Test,99,发生,2,0.00025
QBLevi,Test,100,叙事,2,0.00025
Re_spectators,All,1,的,1092,0.026
Re_spectators,All,2,是,182,0.004333333333333333
Re_spectators,All,3,了,178,0.004238095238095238
Re_spectators,All,4,我,172,0.004095238095238095
Re_spectators,All,5,在,167,0.003976190476190476
Re_spectators,All,6,被,98,0.0023333333333333335
Re_spectators,All,7,有,87,0.0020714285714285713
Re_spectators,All,8,存在,82,0.0019523809523809524
Re_spectators,All,9,中,78,0.0018571428571428571
Re_spectators,All,10,为,74,0.0017619047619047618
Re_spectators,All,11,与,69,0.001642857142857143
Re_spectators,All,12,于,69,0.001642857142857143
Re_spectators,All,13,也,68,0.0016190476190476191
Re_spectators,All,14,但,67,0.0015952380952380953
Re_spectators,All,15,基金会,58,0.001380952380952381
Re_spectators,All,16,就,57,0.0013571428571428571
Re_spectators,All,17,和,56,0.0013333333333333333
Re_spectators,All,18,不,55,0.0013095238095238095
Re_spectators,All,19,现实,55,0.0013095238095238095
Re_spectators,All,20,你,54,0.0012857142857142856
Re_spectators,All,21,其,53,0.0012619047619047618
Re_spectators,All,22,我们,51,0.0012142857142857142
Re_spectators,All,23,都,51,0.0012142857142857142
Re_spectators,All,24,这,50,0.0011904761904761906
Re_spectators,All,25,一个,48,0.001142857142857143
Re_spectators,All,26,到,47,0.0011190476190476191
Re_spectators,All,27,将,46,0.0010952380952380953
Re_spectators,All,28,迭代,44,0.0010476190476190477
Re_spectators,All,29,该,43,0.0010238095238095238
Re_spectators,All,30,已经,42,0.001
Re_spectators,All,31,项目,42,0.001
Re_spectators,All,32,没有,40,0.0009523809523809524
Re_spectators,All,33,目前,40,0.0009523809523809524
Re_spectators,All,34,其实,36,0.0008571428571428571
Re_spectators,All,35,上,35,0.0008333333333333334
Re_spectators,All,36,什么,35,0.0008333333333333334
Re_spectators,All,37,对,35,0.0008333333333333334
Re_spectators,All,38,收容,35,0.0008333333333333334
Re_spectators,All,39,可能,34,0.0008095238095238096
Re_spectators,All,40,信息,33,0.0007857142857142857
Re_spectators,All,41,可以,33,0.0007857142857142857
Re_spectators,All,42,并,33,0.0007857142857142857
Re_spectators,All,43,生命,33,0.0007857142857142857
Re_spectators,All,44,异常,32,0.0007619047619047619
Re_spectators,All,45,这个,32,0.0007619047619047619
Re_spectators,All,46,等级,31,0.0007380952380952381
Re_spectators,All,47,发现,30,0.0007142857142857143
Re_spectators,All,48,而,30,0.0007142857142857143
Re_spectators,All,49,一,29,0.0006904761904761905
Re_spectators,All,50,以,29,0.0006904761904761905
Re_spectators,All,51,地,28,0.0006666666666666666
Re_spectators,All,52,自己,28,0.0006666666666666666
Re_spectators,All,53,这些,27,0.0006428571428571428
Re_spectators,All,54,之神,26,0.000619047619047619
Re_spectators,All,55,会,26,0.000619047619047619
Re_spectators,All,56,出现,26,0.000619047619047619
Re_spectators,All,57,就是,26,0.000619047619047619
Re_spectators,All,58,事件,25,0.0005952380952380953
Re_spectators,All,59,它,25,0.0005952380952380953
Re_spectators,All,60,认为,25,0.0005952380952380953
Re_spectators,All,61,他,24,0.0005714285714285715
Re_spectators,All,62,说,24,0.0005714285714285715
Re_spectators,All,63,个体,23,0.0005476190476190477
Re_spectators,All,64,人,23,0.0005476190476190477
Re_spectators,All,65,已,23,0.0005476190476190477
Re_spectators,All,66,年,23,0.0005476190476190477
Re_spectators,All,67,级,23,0.0005476190476190477
Re_spectators,All,68,证明,23,0.0005476190476190477
Re_spectators,All,69,仪式,22,0.0005238095238095238
Re_spectators,All,70,具有,22,0.0005238095238095238
Re_spectators,All,71,过,22,0.0005238095238095238
Re_spectators,All,72,一种,21,0.0005
Re_spectators,All,73,地区,21,0.0005
Re_spectators,All,74,存在的,21,0.0005
Re_spectators,All,75,实体,21,0.0005
Re_spectators,All,76,档案,21,0.0005
Re_spectators,All,77,由,21,0.0005
Re_spectators,All,78,世界,20,0.0004761904761904762
Re_spectators,All,79,中国,20,0.0004761904761904762
Re_spectators,All,80,任何,20,0.0004761904761904762
Re_spectators,All,81,所以,20,0.0004761904761904762
Re_spectators,All,82,着,20,0.0004761904761904762
Re_spectators,All,83,发生,19,0.00045238095238095237
Re_spectators,All,84,所,19,0.00045238095238095237
Re_spectators,All,85,描述,19,0.00045238095238095237
Re_spectators,All,86,时候,19,0.00045238095238095237
Re_spectators,All,87,还是,19,0.00045238095238095237
Re_spectators,All,88,一次,18,0.00042857142857142855
Re_spectators,All,89,你们,18,0.00042857142857142855
Re_spectators,All,90,内部,18,0.00042857142857142855
Re_spectators,All,91,同时,18,0.00042857142857142855
Re_spectators,All,92,吧,18,0.00042857142857142855
Re_spectators,All,93,很,18,0.00042857142857142855
Re_spectators,All,94,文档,18,0.00042857142857142855
Re_spectators,All,95,时,18,0.00042857142857142855
Re_spectators,All,96,等,18,0.00042857142857142855
Re_spectators,All,97,红存在,18,0.00042857142857142855
Re_spectators,All,98,要,18,0.00042857142857142855
Re_spectators,All,99,记录,18,0.00042857142857142855
Re_spectators,All,100,进行,18,0.00042857142857142855
Re_spectators,Fit,1,的,797,0.026566666666666666
Re_spectators,Fit,2,在,125,0.004166666666666667
Re_spectators,Fit,3,了,118,0.003933333333333333
Re_spectators,Fit,4,是,107,0.0035666666666666668
Re_spectators,Fit,5,被,87,0.0029
Re_spectators,Fit,6,存在,76,0.002533333333333333
Re_spectators,Fit,7,中,74,0.0024666666666666665
Re_spectators,Fit,8,为,69,0.0023
Re_spectators,Fit,9,于,67,0.0022333333333333333
Re_spectators,Fit,10,我,63,0.0021
Re_spectators,Fit,11,与,59,0.0019666666666666665
Re_spectators,Fit,12,现实,54,0.0018
Re_spectators,Fit,13,有,53,0.0017666666666666666
Re_spectators,Fit,14,其,49,0.0016333333333333334
Re_spectators,Fit,15,但,48,0.0016
Re_spectators,Fit,16,该,42,0.0014
Re_spectators,Fit,17,迭代,42,0.0014
Re_spectators,Fit,18,项目,42,0.0014
Re_spectators,Fit,19,基金会,41,0.0013666666666666666
Re_spectators,Fit,20,和,40,0.0013333333333333333
Re_spectators,Fit,21,目前,38,0.0012666666666666666
Re_spectators,Fit,22,已经,37,0.0012333333333333332
Re_spectators,Fit,23,我们,36,0.0012
Re_spectators,Fit,24,收容,33,0.0011
Re_spectators,Fit,25,信息,31,0.0010333333333333334
Re_spectators,Fit,26,将,31,0.0010333333333333334
Re_spectators,Fit,27,生命,31,0.0010333333333333334
Re_spectators,Fit,28,等级,31,0.0010333333333333334
Re_spectators,Fit,29,你,30,0.001
Re_spectators,Fit,30,到,29,0.0009666666666666667
Re_spectators,Fit,31,并,29,0.0009666666666666667
Re_spectators,Fit,32,不,28,0.0009333333333333333
Re_spectators,Fit,33,可能,28,0.0009333333333333333
Re_spectators,Fit,34,这,28,0.0009333333333333333
Re_spectators,Fit,35,也,27,0.0009
Re_spectators,Fit,36,发现,27,0.0009
Re_spectators,Fit,37,都,27,0.0009
Re_spectators,Fit,38,之神,26,0.0008666666666666666
Re_spectators,Fit,39,以,26,0.0008666666666666666
Re_spectators,Fit,40,事件,25,0.0008333333333333334
Re_spectators,Fit,41,出现,25,0.0008333333333333334
Re_spectators,Fit,42,异常,24,0.0008
Re_spectators,Fit,43,没有,24,0.0008
Re_spectators,Fit,44,个体,23,0.0007666666666666667
Re_spectators,Fit,45,可以,23,0.0007666666666666667
Re_spectators,Fit,46,证明,23,0.0007666666666666667
Re_spectators,Fit,47,一个,22,0.0007333333333333333
Re_spectators,Fit,48,具有,22,0.0007333333333333333
Re_spectators,Fit,49,年,22,0.0007333333333333333
Re_spectators,Fit,50,级,22,0.0007333333333333333
Re_spectators,Fit,51,上,21,0.0007
Re_spectators,Fit,52,对,21,0.0007
Re_spectators,Fit,53,档案,21,0.0007
Re_spectators,Fit,54,认为,21,0.0007
Re_spectators,Fit,55,存在的,20,0.0006666666666666666
Re_spectators,Fit,56,实体,20,0.0006666666666666666
Re_spectators,Fit,57,就,20,0.0006666666666666666
Re_spectators,Fit,58,而,20,0.0006666666666666666
Re_spectators,Fit,59,这些,20,0.0006666666666666666
Re_spectators,Fit,60,中国,19,0.0006333333333333333
Re_spectators,Fit,61,什么,19,0.0006333333333333333
Re_spectators,Fit,62,发生,19,0.0006333333333333333
Re_spectators,Fit,63,已,19,0.0006333333333333333
Re_spectators,Fit,64,一,18,0.0006
Re_spectators,Fit,65,你们,18,0.0006
Re_spectators,Fit,66,内部,18,0.0006
Re_spectators,Fit,67,由,18,0.0006
Re_spectators,Fit,68,等,18,0.0006
Re_spectators,Fit,69,红存在,18,0.0006
Re_spectators,Fit,70,记录,18,0.0006
Re_spectators,Fit,71,黑,18,0.0006
Re_spectators,Fit,72,任何,17,0.0005666666666666667
Re_spectators,Fit,73,会,17,0.0005666666666666667
Re_spectators,Fit,74,包含,17,0.0005666666666666667
Re_spectators,Fit,75,地,17,0.0005666666666666667
Re_spectators,Fit,76,描述,17,0.0005666666666666667
Re_spectators,Fit,77,时,17,0.0005666666666666667
Re_spectators,Fit,78,查看,17,0.0005666666666666667
Re_spectators,Fit,79,正在,17,0.0005666666666666667
Re_spectators,Fit,80,观测,17,0.0005666666666666667
Re_spectators,Fit,81,一次,16,0.0005333333333333334
Re_spectators,Fit,82,生物,16,0.0005333333333333334
Re_spectators,Fit,83,研究,16,0.0005333333333333334
Re_spectators,Fit,84,破碎,16,0.0005333333333333334
Re_spectators,Fit,85,黑存在,16,0.0005333333333333334
Re_spectators,Fit,86,他,15,0.0005
Re_spectators,Fit,87,加载,15,0.0005
Re_spectators,Fit,88,地区,15,0.0005
Re_spectators,Fit,89,当前,15,0.0005
Re_spectators,Fit,90,权限,15,0.0005
Re_spectators,Fit,91,这一,15,0.0005
Re_spectators,Fit,92,进行,15,0.0005
Re_spectators,Fit,93,一种,14,0.00046666666666666666
Re_spectators,Fit,94,出,14,0.00046666666666666666
Re_spectators,Fit,95,及,14,0.00046666666666666666
Re_spectators,Fit,96,后,14,0.00046666666666666666
Re_spectators,Fit,97,性质,14,0.00046666666666666666
Re_spectators,Fit,98,所,14,0.00046666666666666666
Re_spectators,Fit,99,措施,14,0.00046666666666666666
Re_spectators,Fit,100,的存在,14,0.00046666666666666666
Re_spectators,Validation,1,的,94,0.0235
Re_spectators,Validation,2,我,24,0.006
Re_spectators,Validation,3,了,21,0.00525
Re_spectators,Validation,4,仪式,20,0.005
Re_spectators,Validation,5,在,17,0.00425
Re_spectators,Validation,6,我们,14,0.0035
Re_spectators,Validation,7,是,13,0.00325
Re_spectators,Validation,8,有,12,0.003
Re_spectators,Validation,9,不,10,0.0025
Re_spectators,Validation,10,你,10,0.0025
Re_spectators,Validation,11,基金会,10,0.0025
Re_spectators,Validation,12,也,9,0.00225
Re_spectators,Validation,13,将,9,0.00225
Re_spectators,Validation,14,都,9,0.00225
Re_spectators,Validation,15,人,8,0.002
Re_spectators,Validation,16,但,8,0.002
Re_spectators,Validation,17,地西泮,7,0.00175
Re_spectators,Validation,18,执行,7,0.00175
Re_spectators,Validation,19,没有,7,0.00175
Re_spectators,Validation,20,章节,7,0.00175
Re_spectators,Validation,21,被,7,0.00175
Re_spectators,Validation,22,一个,6,0.0015
Re_spectators,Validation,23,世界,6,0.0015
Re_spectators,Validation,24,他,6,0.0015
Re_spectators,Validation,25,协议已编辑,6,0.0015
Re_spectators,Validation,26,地区,6,0.0015
Re_spectators,Validation,27,委员会,6,0.0015
Re_spectators,Validation,28,存在,6,0.0015
Re_spectators,Validation,29,它们,6,0.0015
Re_spectators,Validation,30,异常,6,0.0015
Re_spectators,Validation,31,的名字,6,0.0015
Re_spectators,Validation,32,而,6,0.0015
Re_spectators,Validation,33,这,6,0.0015
Re_spectators,Validation,34,这个,6,0.0015
Re_spectators,Validation,35,这里,6,0.0015
Re_spectators,Validation,36,麦司卡林,6,0.0015
Re_spectators,Validation,37,与,5,0.00125
Re_spectators,Validation,38,为什么,5,0.00125
Re_spectators,Validation,39,什么,5,0.00125
Re_spectators,Validation,40,仪式的,5,0.00125
Re_spectators,Validation,41,做,5,0.00125
Re_spectators,Validation,42,到,5,0.00125
Re_spectators,Validation,43,名,5,0.00125
Re_spectators,Validation,44,它,5,0.00125
Re_spectators,Validation,45,想,5,0.00125
Re_spectators,Validation,46,意义,5,0.00125
Re_spectators,Validation,47,用,5,0.00125
Re_spectators,Validation,48,一,4,0.001
Re_spectators,Validation,49,一切,4,0.001
Re_spectators,Validation,50,上,4,0.001
Re_spectators,Validation,51,不要,4,0.001
Re_spectators,Validation,52,分部,4,0.001
Re_spectators,Validation,53,可以,4,0.001
Re_spectators,Validation,54,名字,4,0.001
Re_spectators,Validation,55,呢,4,0.001
Re_spectators,Validation,56,地区分部,4,0.001
Re_spectators,Validation,57,地西泮协议已,4,0.001
Re_spectators,Validation,58,对,4,0.001
Re_spectators,Validation,59,已经,4,0.001
Re_spectators,Validation,60,希望,4,0.001
Re_spectators,Validation,61,必须,4,0.001
Re_spectators,Validation,62,执行人,4,0.001
Re_spectators,Validation,63,的信息,4,0.001
Re_spectators,Validation,64,自己,4,0.001
Re_spectators,Validation,65,要,4,0.001
Re_spectators,Validation,66,需要,4,0.001
Re_spectators,Validation,67,一个人,3,0.00075
Re_spectators,Validation,68,一点,3,0.00075
Re_spectators,Validation,69,一种,3,0.00075
Re_spectators,Validation,70,三个,3,0.00075
Re_spectators,Validation,71,不是,3,0.00075
Re_spectators,Validation,72,不难,3,0.00075
Re_spectators,Validation,73,中,3,0.00075
Re_spectators,Validation,74,为,3,0.00075
Re_spectators,Validation,75,之前,3,0.00075
Re_spectators,Validation,76,人员,3,0.00075
Re_spectators,Validation,77,人类,3,0.00075
Re_spectators,Validation,78,他们,3,0.00075
Re_spectators,Validation,79,以,3,0.00075
Re_spectators,Validation,80,以及,3,0.00075
Re_spectators,Validation,81,仪式执行,3,0.00075
Re_spectators,Validation,82,作为,3,0.00075
Re_spectators,Validation,83,停下,3,0.00075
Re_spectators,Validation,84,其,3,0.00075
Re_spectators,Validation,85,协议已,3,0.00075
Re_spectators,Validation,86,卡林,3,0.00075
Re_spectators,Validation,87,去,3,0.00075
Re_spectators,Validation,88,可能,3,0.00075
Re_spectators,Validation,89,各,3,0.00075
Re_spectators,Validation,90,各地区分部,3,0.00075
Re_spectators,Validation,91,地,3,0.00075
Re_spectators,Validation,92,地西泮仪式,3,0.00075
Re_spectators,Validation,93,地西泮协议已编辑,3,0.00075
Re_spectators,Validation,94,好,3,0.00075
Re_spectators,Validation,95,已编辑,3,0.00075
Re_spectators,Validation,96,并,3,0.00075
Re_spectators,Validation,97,成员,3,0.00075
Re_spectators,Validation,98,或者,3,0.00075
Re_spectators,Validation,99,末日,3,0.00075
Re_spectators,Validation,100,本身,3,0.00075
Re_spectators,Test,1,的,201,0.025125
Re_spectators,Test,2,我,85,0.010625
Re_spectators,Test,3,是,62,0.00775
Re_spectators,Test,4,了,39,0.004875
Re_spectators,Test,5,其实,35,0.004375
Re_spectators,Test,6,就,35,0.004375
Re_spectators,Test,7,也,32,0.004
Re_spectators,Test,8,在,25,0.003125
Re_spectators,Test,9,有,22,0.00275
Re_spectators,Test,10,一个,20,0.0025
Re_spectators,Test,11,就是,18,0.00225
Re_spectators,Test,12,所以,18,0.00225
Re_spectators,Test,13,时候,18,0.00225
Re_spectators,Test,14,不,17,0.002125
Re_spectators,Test,15,说,17,0.002125
Re_spectators,Test,16,和,16,0.002
Re_spectators,Test,17,这,16,0.002
Re_spectators,Test,18,这个,15,0.001875
Re_spectators,Test,19,都,15,0.001875
Re_spectators,Test,20,你,14,0.00175
Re_spectators,Test,21,很,14,0.00175
Re_spectators,Test,22,到,13,0.001625
Re_spectators,Test,23,点子,13,0.001625
Re_spectators,Test,24,自己,13,0.001625
Re_spectators,Test,25,还是,13,0.001625
Re_spectators,Test,26,写,12,0.0015
Re_spectators,Test,27,笑,12,0.0015
Re_spectators,Test,28,什么,11,0.001375
Re_spectators,Test,29,但,11,0.001375
Re_spectators,Test,30,想法,11,0.001375
Re_spectators,Test,31,感觉,11,0.001375
Re_spectators,Test,32,这种,11,0.001375
Re_spectators,Test,33,上,10,0.00125
Re_spectators,Test,34,吧,10,0.00125
Re_spectators,Test,35,啊,10,0.00125
Re_spectators,Test,36,对,10,0.00125
Re_spectators,Test,37,过,10,0.00125
Re_spectators,Test,38,这么,10,0.00125
Re_spectators,Test,39,一点,9,0.001125
Re_spectators,Test,40,人,9,0.001125
Re_spectators,Test,41,它,9,0.001125
Re_spectators,Test,42,没有,9,0.001125
Re_spectators,Test,43,的话,9,0.001125
Re_spectators,Test,44,觉得,9,0.001125
Re_spectators,Test,45,设计,9,0.001125
Re_spectators,Test,46,一些,8,0.001
Re_spectators,Test,47,一篇,8,0.001
Re_spectators,Test,48,作品,8,0.001
Re_spectators,Test,49,去,8,0.001
Re_spectators,Test,50,地,8,0.001
Re_spectators,Test,51,想到,8,0.001
Re_spectators,Test,52,着,8,0.001
Re_spectators,Test,53,这篇,8,0.001
Re_spectators,Test,54,一,7,0.000875
Re_spectators,Test,55,会,7,0.000875
Re_spectators,Test,56,基金会,7,0.000875
Re_spectators,Test,57,应该,7,0.000875
Re_spectators,Test,58,当时,7,0.000875
Re_spectators,Test,59,我的,7,0.000875
Re_spectators,Test,60,来,7,0.000875
Re_spectators,Test,61,确实,7,0.000875
Re_spectators,Test,62,能,7,0.000875
Re_spectators,Test,63,能够,7,0.000875
Re_spectators,Test,64,要,7,0.000875
Re_spectators,Test,65,那,7,0.000875
Re_spectators,Test,66,世界,6,0.00075
Re_spectators,Test,67,写作,6,0.00075
Re_spectators,Test,68,可以,6,0.00075
Re_spectators,Test,69,吗,6,0.00075
Re_spectators,Test,70,喜欢,6,0.00075
Re_spectators,Test,71,将,6,0.00075
Re_spectators,Test,72,带感,6,0.00075
Re_spectators,Test,73,开始,6,0.00075
Re_spectators,Test,74,很多,6,0.00075
Re_spectators,Test,75,怎么,6,0.00075
Re_spectators,Test,76,我觉得,6,0.00075
Re_spectators,Test,77,故事,6,0.00075
Re_spectators,Test,78,比较,6,0.00075
Re_spectators,Test,79,没,6,0.00075
Re_spectators,Test,80,的东西,6,0.00075
Re_spectators,Test,81,的点子,6,0.00075
Re_spectators,Test,82,看,6,0.00075
Re_spectators,Test,83,让,6,0.00075
Re_spectators,Test,84,逻辑,6,0.00075
Re_spectators,Test,85,一开始,5,0.000625
Re_spectators,Test,86,不是,5,0.000625
Re_spectators,Test,87,与,5,0.000625
Re_spectators,Test,88,从,5,0.000625
Re_spectators,Test,89,但是,5,0.000625
Re_spectators,Test,90,好,5,0.000625
Re_spectators,Test,91,如果,5,0.000625
Re_spectators,Test,92,就有,5,0.000625
Re_spectators,Test,93,希望,5,0.000625
Re_spectators,Test,94,思考,5,0.000625
Re_spectators,Test,95,想,5,0.000625
Re_spectators,Test,96,我个人,5,0.000625
Re_spectators,Test,97,我也,5,0.000625
Re_spectators,Test,98,我都,5,0.000625
Re_spectators,Test,99,文档,5,0.000625
Re_spectators,Test,100,更,5,0.000625
breaddddd,All,1,的,975,0.023214285714285715
breaddddd,All,2,是,292,0.006952380952380952
breaddddd,All,3,了,286,0.00680952380952381
breaddddd,All,4,我,173,0.004119047619047619
breaddddd,All,5,在,172,0.004095238095238095
breaddddd,All,6,也,119,0.0028333333333333335
breaddddd,All,7,有,105,0.0025
breaddddd,All,8,你,98,0.0023333333333333335
breaddddd,All,9,就,97,0.0023095238095238095
breaddddd,All,10,和,90,0.002142857142857143
breaddddd,All,11,对,84,0.002
breaddddd,All,12,吗,67,0.0015952380952380953
breaddddd,All,13,写,62,0.0014761904761904762
breaddddd,All,14,不,61,0.0014523809523809524
breaddddd,All,15,会,59,0.0014047619047619047
breaddddd,All,16,都,58,0.001380952380952381
breaddddd,All,17,被,57,0.0013571428571428571
breaddddd,All,18,什么,56,0.0013333333333333333
breaddddd,All,19,可以,56,0.0013333333333333333
breaddddd,All,20,没有,55,0.0013095238095238095
breaddddd,All,21,特遣队,55,0.0013095238095238095
breaddddd,All,22,将,53,0.0012619047619047618
breaddddd,All,23,说,53,0.0012619047619047618
breaddddd,All,24,为,52,0.001238095238095238
breaddddd,All,25,这个,52,0.001238095238095238
breaddddd,All,26,一个,51,0.0012142857142857142
breaddddd,All,27,上,50,0.0011904761904761906
breaddddd,All,28,啊,50,0.0011904761904761906
breaddddd,All,29,并,50,0.0011904761904761906
breaddddd,All,30,就是,49,0.0011666666666666668
breaddddd,All,31,人,48,0.001142857142857143
breaddddd,All,32,吧,48,0.001142857142857143
breaddddd,All,33,与,45,0.0010714285714285715
breaddddd,All,34,这,45,0.0010714285714285715
breaddddd,All,35,个体,44,0.0010476190476190477
breaddddd,All,36,中,44,0.0010476190476190477
breaddddd,All,37,对特定,43,0.0010238095238095238
breaddddd,All,38,基金会,42,0.001
breaddddd,All,39,到,41,0.0009761904761904762
breaddddd,All,40,自己,40,0.0009523809523809524
breaddddd,All,41,还,40,0.0009523809523809524
breaddddd,All,42,其,39,0.0009285714285714286
breaddddd,All,43,我们,39,0.0009285714285714286
breaddddd,All,44,特定,39,0.0009285714285714286
breaddddd,All,45,进行,39,0.0009285714285714286
breaddddd,All,46,异常,38,0.0009047619047619047
breaddddd,All,47,但,37,0.0008809523809523809
breaddddd,All,48,层,37,0.0008809523809523809
breaddddd,All,49,那,37,0.0008809523809523809
breaddddd,All,50,想,34,0.0008095238095238096
breaddddd,All,51,而,33,0.0007857142857142857
breaddddd,All,52,内容,32,0.0007619047619047619
breaddddd,All,53,很,32,0.0007619047619047619
breaddddd,All,54,怎么,31,0.0007380952380952381
breaddddd,All,55,故事,31,0.0007380952380952381
breaddddd,All,56,发现,30,0.0007142857142857143
breaddddd,All,57,这样,30,0.0007142857142857143
breaddddd,All,58,不过,29,0.0006904761904761905
breaddddd,All,59,及,29,0.0006904761904761905
breaddddd,All,60,后,29,0.0006904761904761905
breaddddd,All,61,好,29,0.0006904761904761905
breaddddd,All,62,开始,29,0.0006904761904761905
breaddddd,All,63,来,29,0.0006904761904761905
breaddddd,All,64,该,29,0.0006904761904761905
breaddddd,All,65,还是,29,0.0006904761904761905
breaddddd,All,66,里,29,0.0006904761904761905
breaddddd,All,67,其他,28,0.0006666666666666666
breaddddd,All,68,或,28,0.0006666666666666666
breaddddd,All,69,不是,27,0.0006428571428571428
breaddddd,All,70,其实,27,0.0006428571428571428
breaddddd,All,71,所以,27,0.0006428571428571428
breaddddd,All,72,时候,27,0.0006428571428571428
breaddddd,All,73,记录,27,0.0006428571428571428
breaddddd,All,74,又,26,0.000619047619047619
breaddddd,All,75,所有,26,0.000619047619047619
breaddddd,All,76,把,26,0.000619047619047619
breaddddd,All,77,看,26,0.000619047619047619
breaddddd,All,78,觉得,26,0.000619047619047619
breaddddd,All,79,那么,26,0.000619047619047619
breaddddd,All,80,但是,24,0.0005714285714285715
breaddddd,All,81,出现,24,0.0005714285714285715
breaddddd,All,82,因为,24,0.0005714285714285715
breaddddd,All,83,当时,24,0.0005714285714285715
breaddddd,All,84,最后,24,0.0005714285714285715
breaddddd,All,85,然后,24,0.0005714285714285715
breaddddd,All,86,着,24,0.0005714285714285715
breaddddd,All,87,使用,23,0.0005476190476190477
breaddddd,All,88,多,23,0.0005476190476190477
breaddddd,All,89,文档,23,0.0005476190476190477
breaddddd,All,90,点子,23,0.0005476190476190477
breaddddd,All,91,设定,23,0.0005476190476190477
breaddddd,All,92,作者,22,0.0005238095238095238
breaddddd,All,93,同时,22,0.0005238095238095238
breaddddd,All,94,已经,22,0.0005238095238095238
breaddddd,All,95,从,21,0.0005
breaddddd,All,96,它,21,0.0005
breaddddd,All,97,更,21,0.0005
breaddddd,All,98,知道,21,0.0005
breaddddd,All,99,自己的,21,0.0005
breaddddd,All,100,魔法,21,0.0005
breaddddd,Fit,1,的,693,0.0231
breaddddd,Fit,2,了,211,0.007033333333333333
breaddddd,Fit,3,是,198,0.0066
breaddddd,Fit,4,在,127,0.004233333333333334
breaddddd,Fit,5,我,125,0.004166666666666667
breaddddd,Fit,6,有,84,0.0028
breaddddd,Fit,7,你,78,0.0026
breaddddd,Fit,8,也,73,0.0024333333333333334
breaddddd,Fit,9,就,72,0.0024
breaddddd,Fit,10,和,60,0.002
breaddddd,Fit,11,吗,50,0.0016666666666666668
breaddddd,Fit,12,可以,47,0.0015666666666666667
breaddddd,Fit,13,将,47,0.0015666666666666667
breaddddd,Fit,14,会,46,0.0015333333333333334
breaddddd,Fit,15,被,46,0.0015333333333333334
breaddddd,Fit,16,不,44,0.0014666666666666667
breaddddd,Fit,17,为,44,0.0014666666666666667
breaddddd,Fit,18,写,43,0.0014333333333333333
breaddddd,Fit,19,啊,43,0.0014333333333333333
breaddddd,Fit,20,什么,42,0.0014
breaddddd,Fit,21,都,41,0.0013666666666666666
breaddddd,Fit,22,个体,40,0.0013333333333333333
breaddddd,Fit,23,这个,40,0.0013333333333333333
breaddddd,Fit,24,一个,39,0.0013
breaddddd,Fit,25,并,39,0.0013
breaddddd,Fit,26,说,39,0.0013
breaddddd,Fit,27,与,38,0.0012666666666666666
breaddddd,Fit,28,层,37,0.0012333333333333332
breaddddd,Fit,29,没有,37,0.0012333333333333332
breaddddd,Fit,30,人,36,0.0012
breaddddd,Fit,31,其,36,0.0012
breaddddd,Fit,32,我们,36,0.0012
breaddddd,Fit,33,上,35,0.0011666666666666668
breaddddd,Fit,34,吧,35,0.0011666666666666668
breaddddd,Fit,35,就是,34,0.0011333333333333334
breaddddd,Fit,36,基金会,32,0.0010666666666666667
breaddddd,Fit,37,对,32,0.0010666666666666667
breaddddd,Fit,38,进行,32,0.0010666666666666667
breaddddd,Fit,39,及,29,0.0009666666666666667
breaddddd,Fit,40,中,28,0.0009333333333333333
breaddddd,Fit,41,异常,28,0.0009333333333333333
breaddddd,Fit,42,这,28,0.0009333333333333333
breaddddd,Fit,43,但,26,0.0008666666666666666
breaddddd,Fit,44,内容,26,0.0008666666666666666
breaddddd,Fit,45,发现,26,0.0008666666666666666
breaddddd,Fit,46,还,26,0.0008666666666666666
breaddddd,Fit,47,记录,25,0.0008333333333333334
breaddddd,Fit,48,该,25,0.0008333333333333334
breaddddd,Fit,49,到,24,0.0008
breaddddd,Fit,50,后,24,0.0008
breaddddd,Fit,51,怎么,24,0.0008
breaddddd,Fit,52,想,24,0.0008
breaddddd,Fit,53,其他,23,0.0007666666666666667
breaddddd,Fit,54,很,23,0.0007666666666666667
breaddddd,Fit,55,或,23,0.0007666666666666667
breaddddd,Fit,56,所有,23,0.0007666666666666667
breaddddd,Fit,57,好,22,0.0007333333333333333
breaddddd,Fit,58,时候,21,0.0007
breaddddd,Fit,59,自己,21,0.0007
breaddddd,Fit,60,那,21,0.0007
breaddddd,Fit,61,出现,20,0.0006666666666666666
breaddddd,Fit,62,同时,20,0.0006666666666666666
breaddddd,Fit,63,来,20,0.0006666666666666666
breaddddd,Fit,64,看,20,0.0006666666666666666
breaddddd,Fit,65,着,20,0.0006666666666666666
breaddddd,Fit,66,均,19,0.0006333333333333333
breaddddd,Fit,67,收容,19,0.0006333333333333333
breaddddd,Fit,68,知道,19,0.0006333333333333333
breaddddd,Fit,69,而,19,0.0006333333333333333
breaddddd,Fit,70,还是,19,0.0006333333333333333
breaddddd,Fit,71,这样,19,0.0006333333333333333
breaddddd,Fit,72,不是,18,0.0006
breaddddd,Fit,73,使用,18,0.0006
breaddddd,Fit,74,因为,18,0.0006
breaddddd,Fit,75,实验,18,0.0006
breaddddd,Fit,76,开始,18,0.0006
breaddddd,Fit,77,然后,18,0.0006
breaddddd,Fit,78,不过,17,0.0005666666666666667
breaddddd,Fit,79,从,17,0.0005666666666666667
breaddddd,Fit,80,但是,17,0.0005666666666666667
breaddddd,Fit,81,又,17,0.0005666666666666667
breaddddd,Fit,82,您,17,0.0005666666666666667
breaddddd,Fit,83,特工,17,0.0005666666666666667
breaddddd,Fit,84,直接,17,0.0005666666666666667
breaddddd,Fit,85,空间,17,0.0005666666666666667
breaddddd,Fit,86,设定,17,0.0005666666666666667
breaddddd,Fit,87,进入,17,0.0005666666666666667
breaddddd,Fit,88,那么,17,0.0005666666666666667
breaddddd,Fit,89,且,16,0.0005333333333333334
breaddddd,Fit,90,它,16,0.0005333333333333334
breaddddd,Fit,91,当时,16,0.0005333333333333334
breaddddd,Fit,92,所以,16,0.0005333333333333334
breaddddd,Fit,93,过,16,0.0005333333333333334
breaddddd,Fit,94,还有,16,0.0005333333333333334
breaddddd,Fit,95,他们,15,0.0005
breaddddd,Fit,96,任何,15,0.0005
breaddddd,Fit,97,其实,15,0.0005
breaddddd,Fit,98,内部,15,0.0005
breaddddd,Fit,99,地,15,0.0005
breaddddd,Fit,100,大概,15,0.0005
breaddddd,Validation,1,的,72,0.018
breaddddd,Validation,2,特遣队,52,0.013
breaddddd,Validation,3,对,46,0.0115
breaddddd,Validation,4,对特定,43,0.01075
breaddddd,Validation,5,特定,38,0.0095
breaddddd,Validation,6,是,30,0.0075
breaddddd,Validation,7,了,14,0.0035
breaddddd,Validation,8,作者,12,0.003
breaddddd,Validation,9,在,12,0.003
breaddddd,Validation,10,也,11,0.00275
breaddddd,Validation,11,作者未,9,0.00225
breaddddd,Validation,12,未给出,9,0.00225
breaddddd,Validation,13,给出,9,0.00225
breaddddd,Validation,14,未给出介绍,8,0.002
breaddddd,Validation,15,那,8,0.002
breaddddd,Validation,16,为,7,0.00175
breaddddd,Validation,17,作者未给出,7,0.00175
breaddddd,Validation,18,作者未给出介绍,7,0.00175
breaddddd,Validation,19,异常,7,0.00175
breaddddd,Validation,20,这,7,0.00175
breaddddd,Validation,21,介绍,6,0.0015
breaddddd,Validation,22,吗,6,0.0015
breaddddd,Validation,23,我,6,0.0015
breaddddd,Validation,24,所以,6,0.0015
breaddddd,Validation,25,未,6,0.0015
breaddddd,Validation,26,给出介绍,6,0.0015
breaddddd,Validation,27,者,6,0.0015
breaddddd,Validation,28,不过,5,0.00125
breaddddd,Validation,29,为了,5,0.00125
breaddddd,Validation,30,人员,5,0.00125
breaddddd,Validation,31,基金会,5,0.00125
breaddddd,Validation,32,就,5,0.00125
breaddddd,Validation,33,属于,5,0.00125
breaddddd,Validation,34,有,5,0.00125
breaddddd,Validation,35,甲子,5,0.00125
breaddddd,Validation,36,简介,5,0.00125
breaddddd,Validation,37,这个,5,0.00125
breaddddd,Validation,38,隶属于,5,0.00125
breaddddd,Validation,39,人,4,0.001
breaddddd,Validation,40,作者未命名,4,0.001
breaddddd,Validation,41,你,4,0.001
breaddddd,Validation,42,其实,4,0.001
breaddddd,Validation,43,历史,4,0.001
breaddddd,Validation,44,和,4,0.001
breaddddd,Validation,45,影响,4,0.001
breaddddd,Validation,46,或,4,0.001
breaddddd,Validation,47,把,4,0.001
breaddddd,Validation,48,来,4,0.001
breaddddd,Validation,49,没,4,0.001
breaddddd,Validation,50,翻译,4,0.001
breaddddd,Validation,51,而,4,0.001
breaddddd,Validation,52,被,4,0.001
breaddddd,Validation,53,丁酉,3,0.00075
breaddddd,Validation,54,上,3,0.00075
breaddddd,Validation,55,不,3,0.00075
breaddddd,Validation,56,个体,3,0.00075
breaddddd,Validation,57,什么,3,0.00075
breaddddd,Validation,58,但是,3,0.00075
breaddddd,Validation,59,其他,3,0.00075
breaddddd,Validation,60,内容,3,0.00075
breaddddd,Validation,61,写,3,0.00075
breaddddd,Validation,62,出现,3,0.00075
breaddddd,Validation,63,到,3,0.00075
breaddddd,Validation,64,后,3,0.00075
breaddddd,Validation,65,吧,3,0.00075
breaddddd,Validation,66,将,3,0.00075
breaddddd,Validation,67,就是,3,0.00075
breaddddd,Validation,68,已,3,0.00075
breaddddd,Validation,69,并,3,0.00075
breaddddd,Validation,70,建立,3,0.00075
breaddddd,Validation,71,异常相关的,3,0.00075
breaddddd,Validation,72,所,3,0.00075
breaddddd,Validation,73,故事,3,0.00075
breaddddd,Validation,74,无,3,0.00075
breaddddd,Validation,75,未命名,3,0.00075
breaddddd,Validation,76,比如,3,0.00075
breaddddd,Validation,77,没有,3,0.00075
breaddddd,Validation,78,波斯佬,3,0.00075
breaddddd,Validation,79,然后,3,0.00075
breaddddd,Validation,80,特工,3,0.00075
breaddddd,Validation,81,相关,3,0.00075
breaddddd,Validation,82,看,3,0.00075
breaddddd,Validation,83,组成,3,0.00075
breaddddd,Validation,84,而且,3,0.00075
breaddddd,Validation,85,聂斯脱,3,0.00075
breaddddd,Validation,86,肉,3,0.00075
breaddddd,Validation,87,能,3,0.00075
breaddddd,Validation,88,让,3,0.00075
breaddddd,Validation,89,设定见,3,0.00075
breaddddd,Validation,90,还,3,0.00075
breaddddd,Validation,91,这些,3,0.00075
breaddddd,Validation,92,一,2,0.0005
breaddddd,Validation,93,一个,2,0.0005
breaddddd,Validation,94,一篇,2,0.0005
breaddddd,Validation,95,与,2,0.0005
breaddddd,Validation,96,世界,2,0.0005
breaddddd,Validation,97,丙寅,2,0.0005
breaddddd,Validation,98,中,2,0.0005
breaddddd,Validation,99,为啥,2,0.0005
breaddddd,Validation,100,主要,2,0.0005
breaddddd,Test,1,的,210,0.02625
breaddddd,Test,2,是,64,0.008
breaddddd,Test,3,了,61,0.007625
breaddddd,Test,4,我,42,0.00525
breaddddd,Test,5,也,35,0.004375
breaddddd,Test,6,在,33,0.004125
breaddddd,Test,7,和,26,0.00325
breaddddd,Test,8,就,20,0.0025
breaddddd,Test,9,魔法,20,0.0025
breaddddd,Test,10,自己,18,0.00225
breaddddd,Test,11,你,16,0.002
breaddddd,Test,12,写,16,0.002
breaddddd,Test,13,有,16,0.002
breaddddd,Test,14,里,16,0.002
breaddddd,Test,15,没有,15,0.001875
breaddddd,Test,16,都,15,0.001875
breaddddd,Test,17,不,14,0.00175
breaddddd,Test,18,中,14,0.00175
breaddddd,Test,19,到,14,0.00175
breaddddd,Test,20,说,14,0.00175
breaddddd,Test,21,故事,13,0.001625
breaddddd,Test,22,上,12,0.0015
breaddddd,Test,23,就是,12,0.0015
breaddddd,Test,24,文档,12,0.0015
breaddddd,Test,25,什么,11,0.001375
breaddddd,Test,26,会,11,0.001375
breaddddd,Test,27,吗,11,0.001375
breaddddd,Test,28,还,11,0.001375
breaddddd,Test,29,一个,10,0.00125
breaddddd,Test,30,吧,10,0.00125
breaddddd,Test,31,开始,10,0.00125
breaddddd,Test,32,而,10,0.00125
breaddddd,Test,33,这,10,0.00125
breaddddd,Test,34,这样,10,0.00125
breaddddd,Test,35,但,9,0.001125
breaddddd,Test,36,作为,9,0.001125
breaddddd,Test,37,可以,9,0.001125
breaddddd,Test,38,多,9,0.001125
breaddddd,Test,39,想,9,0.001125
breaddddd,Test,40,最后,9,0.001125
breaddddd,Test,41,觉得,9,0.001125
breaddddd,Test,42,一些,8,0.001
breaddddd,Test,43,不是,8,0.001
breaddddd,Test,44,人,8,0.001
breaddddd,Test,45,其实,8,0.001
breaddddd,Test,46,大家,8,0.001
breaddddd,Test,47,少女,8,0.001
breaddddd,Test,48,并,8,0.001
breaddddd,Test,49,当时,8,0.001
breaddddd,Test,50,把,8,0.001
breaddddd,Test,51,水晶,8,0.001
breaddddd,Test,52,的话,8,0.001
breaddddd,Test,53,竞赛,8,0.001
breaddddd,Test,54,精品,8,0.001
breaddddd,Test,55,还是,8,0.001
breaddddd,Test,56,那,8,0.001
breaddddd,Test,57,那么,8,0.001
breaddddd,Test,58,魔法少女,8,0.001
breaddddd,Test,59,三明治,7,0.000875
breaddddd,Test,60,不过,7,0.000875
breaddddd,Test,61,为什么,7,0.000875
breaddddd,Test,62,动画,7,0.000875
breaddddd,Test,63,又,7,0.000875
breaddddd,Test,64,喜欢,7,0.000875
breaddddd,Test,65,已经,7,0.000875
breaddddd,Test,66,很,7,0.000875
breaddddd,Test,67,本身,7,0.000875
breaddddd,Test,68,自己的,7,0.000875
breaddddd,Test,69,被,7,0.000875
breaddddd,Test,70,这个,7,0.000875
breaddddd,Test,71,一篇,6,0.00075
breaddddd,Test,72,之后,6,0.00075
breaddddd,Test,73,去,6,0.00075
breaddddd,Test,74,可能,6,0.00075
breaddddd,Test,75,她,6,0.00075
breaddddd,Test,76,好,6,0.00075
breaddddd,Test,77,对,6,0.00075
breaddddd,Test,78,当然,6,0.00075
breaddddd,Test,79,很多,6,0.00075
breaddddd,Test,80,怎么,6,0.00075
breaddddd,Test,81,或者,6,0.00075
breaddddd,Test,82,时候,6,0.00075
breaddddd,Test,83,最,6,0.00075
breaddddd,Test,84,点子,6,0.00075
breaddddd,Test,85,虽然,6,0.00075
breaddddd,Test,86,一,5,0.000625
breaddddd,Test,87,一种,5,0.000625
breaddddd,Test,88,与,5,0.000625
breaddddd,Test,89,两个,5,0.000625
breaddddd,Test,90,主角,5,0.000625
breaddddd,Test,91,之前,5,0.000625
breaddddd,Test,92,作品,5,0.000625
breaddddd,Test,93,只是,5,0.000625
breaddddd,Test,94,啊,5,0.000625
breaddddd,Test,95,基金会,5,0.000625
breaddddd,Test,96,战斗,5,0.000625
breaddddd,Test,97,所以,5,0.000625
breaddddd,Test,98,来,5,0.000625
breaddddd,Test,99,演绎部,5,0.000625
breaddddd,Test,100,的角色,5,0.000625
